paper_id,year,paper_or_discovery,field_or_platform,broad_area,origin_country_list,public_private_origin,pi_platform_family,pi_capability,science_acceleration_domain,pi_relevance,classification_basis
1,1976,Ethernet: Distributed packet switching for local computer networks,Networking / Ethernet,Technology / Computer Networks,United States,Private,"Compute, data and network infrastructure",Learn from physical-world data,Digital infrastructure,Enabling digital infrastructure,Rule-based keyword mapping for the Physical Intelligence thesis layer; audit before using as a formal taxonomy.
2,1976,New directions in cryptography / Diffie-Hellman key exchange,Public-key cryptography / Internet security,Technology / Cryptography,United States,Private,Digital trust and market infrastructure,Learn from physical-world data,Digital infrastructure,Adjacent economic platform,Rule-based keyword mapping for the Physical Intelligence thesis layer; audit before using as a formal taxonomy.
2,1976,New directions in cryptography / Diffie-Hellman key exchange,Public-key cryptography / Internet security,Technology / Cryptography,United States,Private,Digital trust and market infrastructure,Secure and coordinate infrastructure,Digital infrastructure,Adjacent economic platform,Rule-based keyword mapping for the Physical Intelligence thesis layer; audit before using as a formal taxonomy.
3,1978,A method for obtaining digital signatures and public-key cryptosystems / RSA,Public-key cryptography / Internet security,Technology / Cryptography,United States,Private,Digital trust and market infrastructure,Learn from physical-world data,Digital infrastructure,Adjacent economic platform,Rule-based keyword mapping for the Physical Intelligence thesis layer; audit before using as a formal taxonomy.
3,1978,A method for obtaining digital signatures and public-key cryptosystems / RSA,Public-key cryptography / Internet security,Technology / Cryptography,United States,Private,Digital trust and market infrastructure,Secure and coordinate infrastructure,Digital infrastructure,Adjacent economic platform,Rule-based keyword mapping for the Physical Intelligence thesis layer; audit before using as a formal taxonomy.
4,1980,The case for the reduced instruction set computer,RISC architecture,Technology / Computer Architecture,United States,Public,"Compute, data and network infrastructure",Indirect enabling context,Cross-domain science infrastructure,Enabling digital infrastructure,Rule-based keyword mapping for the Physical Intelligence thesis layer; audit before using as a formal taxonomy.
5,1980,LiCoO2 cathode for rechargeable lithium batteries,Lithium-ion batteries / layered oxide cathodes,Chemistry / Energy Materials,United Kingdom,Public,Batteries and energy storage,Manipulate and manufacture,Chemistry and materials,Direct physical-intelligence substrate,Rule-based keyword mapping for the Physical Intelligence thesis layer; audit before using as a formal taxonomy.
5,1980,LiCoO2 cathode for rechargeable lithium batteries,Lithium-ion batteries / layered oxide cathodes,Chemistry / Energy Materials,United Kingdom,Public,Batteries and energy storage,Manipulate and manufacture,Aerospace and mobility,Direct physical-intelligence substrate,Rule-based keyword mapping for the Physical Intelligence thesis layer; audit before using as a formal taxonomy.
5,1980,LiCoO2 cathode for rechargeable lithium batteries,Lithium-ion batteries / layered oxide cathodes,Chemistry / Energy Materials,United Kingdom,Public,Batteries and energy storage,Manipulate and manufacture,Energy and climate,Direct physical-intelligence substrate,Rule-based keyword mapping for the Physical Intelligence thesis layer; audit before using as a formal taxonomy.
5,1980,LiCoO2 cathode for rechargeable lithium batteries,Lithium-ion batteries / layered oxide cathodes,Chemistry / Energy Materials,United Kingdom,Public,Batteries and energy storage,Manipulate and manufacture,Manufacturing,Direct physical-intelligence substrate,Rule-based keyword mapping for the Physical Intelligence thesis layer; audit before using as a formal taxonomy.
5,1980,LiCoO2 cathode for rechargeable lithium batteries,Lithium-ion batteries / layered oxide cathodes,Chemistry / Energy Materials,United Kingdom,Public,Batteries and energy storage,Synthesize and test,Chemistry and materials,Direct physical-intelligence substrate,Rule-based keyword mapping for the Physical Intelligence thesis layer; audit before using as a formal taxonomy.
5,1980,LiCoO2 cathode for rechargeable lithium batteries,Lithium-ion batteries / layered oxide cathodes,Chemistry / Energy Materials,United Kingdom,Public,Batteries and energy storage,Synthesize and test,Aerospace and mobility,Direct physical-intelligence substrate,Rule-based keyword mapping for the Physical Intelligence thesis layer; audit before using as a formal taxonomy.
5,1980,LiCoO2 cathode for rechargeable lithium batteries,Lithium-ion batteries / layered oxide cathodes,Chemistry / Energy Materials,United Kingdom,Public,Batteries and energy storage,Synthesize and test,Energy and climate,Direct physical-intelligence substrate,Rule-based keyword mapping for the Physical Intelligence thesis layer; audit before using as a formal taxonomy.
5,1980,LiCoO2 cathode for rechargeable lithium batteries,Lithium-ion batteries / layered oxide cathodes,Chemistry / Energy Materials,United Kingdom,Public,Batteries and energy storage,Synthesize and test,Manufacturing,Direct physical-intelligence substrate,Rule-based keyword mapping for the Physical Intelligence thesis layer; audit before using as a formal taxonomy.
6,1983,Chemical amplification in the design of dry developing resist materials,Chemical amplification photoresists / lithography,Engineering / Semiconductor Manufacturing,United States,Mixed,"Semiconductors, sensors and displays",Manipulate and manufacture,Chemistry and materials,Direct physical-intelligence substrate,Rule-based keyword mapping for the Physical Intelligence thesis layer; audit before using as a formal taxonomy.
6,1983,Chemical amplification in the design of dry developing resist materials,Chemical amplification photoresists / lithography,Engineering / Semiconductor Manufacturing,United States,Mixed,"Semiconductors, sensors and displays",Manipulate and manufacture,Manufacturing,Direct physical-intelligence substrate,Rule-based keyword mapping for the Physical Intelligence thesis layer; audit before using as a formal taxonomy.
6,1983,Chemical amplification in the design of dry developing resist materials,Chemical amplification photoresists / lithography,Engineering / Semiconductor Manufacturing,United States,Mixed,"Semiconductors, sensors and displays",Synthesize and test,Chemistry and materials,Direct physical-intelligence substrate,Rule-based keyword mapping for the Physical Intelligence thesis layer; audit before using as a formal taxonomy.
6,1983,Chemical amplification in the design of dry developing resist materials,Chemical amplification photoresists / lithography,Engineering / Semiconductor Manufacturing,United States,Mixed,"Semiconductors, sensors and displays",Synthesize and test,Manufacturing,Direct physical-intelligence substrate,Rule-based keyword mapping for the Physical Intelligence thesis layer; audit before using as a formal taxonomy.
7,1984,Permanent magnet materials based on the rare earth-iron-boron tetragonal compounds,Nd-Fe-B rare-earth permanent magnets,Materials Science / Electromechanical Systems,Japan,Private,"Semiconductors, sensors and displays",Plan and control,Chemistry and materials,Direct physical-intelligence substrate,Rule-based keyword mapping for the Physical Intelligence thesis layer; audit before using as a formal taxonomy.
7,1984,Permanent magnet materials based on the rare earth-iron-boron tetragonal compounds,Nd-Fe-B rare-earth permanent magnets,Materials Science / Electromechanical Systems,Japan,Private,"Semiconductors, sensors and displays",Plan and control,Robotics and automation,Direct physical-intelligence substrate,Rule-based keyword mapping for the Physical Intelligence thesis layer; audit before using as a formal taxonomy.
7,1984,Permanent magnet materials based on the rare earth-iron-boron tetragonal compounds,Nd-Fe-B rare-earth permanent magnets,Materials Science / Electromechanical Systems,Japan,Private,"Semiconductors, sensors and displays",Plan and control,Aerospace and mobility,Direct physical-intelligence substrate,Rule-based keyword mapping for the Physical Intelligence thesis layer; audit before using as a formal taxonomy.
7,1984,Permanent magnet materials based on the rare earth-iron-boron tetragonal compounds,Nd-Fe-B rare-earth permanent magnets,Materials Science / Electromechanical Systems,Japan,Private,"Semiconductors, sensors and displays",Plan and control,Manufacturing,Direct physical-intelligence substrate,Rule-based keyword mapping for the Physical Intelligence thesis layer; audit before using as a formal taxonomy.
7,1984,Permanent magnet materials based on the rare earth-iron-boron tetragonal compounds,Nd-Fe-B rare-earth permanent magnets,Materials Science / Electromechanical Systems,Japan,Private,"Semiconductors, sensors and displays",Manipulate and manufacture,Chemistry and materials,Direct physical-intelligence substrate,Rule-based keyword mapping for the Physical Intelligence thesis layer; audit before using as a formal taxonomy.
7,1984,Permanent magnet materials based on the rare earth-iron-boron tetragonal compounds,Nd-Fe-B rare-earth permanent magnets,Materials Science / Electromechanical Systems,Japan,Private,"Semiconductors, sensors and displays",Manipulate and manufacture,Robotics and automation,Direct physical-intelligence substrate,Rule-based keyword mapping for the Physical Intelligence thesis layer; audit before using as a formal taxonomy.
7,1984,Permanent magnet materials based on the rare earth-iron-boron tetragonal compounds,Nd-Fe-B rare-earth permanent magnets,Materials Science / Electromechanical Systems,Japan,Private,"Semiconductors, sensors and displays",Manipulate and manufacture,Aerospace and mobility,Direct physical-intelligence substrate,Rule-based keyword mapping for the Physical Intelligence thesis layer; audit before using as a formal taxonomy.
7,1984,Permanent magnet materials based on the rare earth-iron-boron tetragonal compounds,Nd-Fe-B rare-earth permanent magnets,Materials Science / Electromechanical Systems,Japan,Private,"Semiconductors, sensors and displays",Manipulate and manufacture,Manufacturing,Direct physical-intelligence substrate,Rule-based keyword mapping for the Physical Intelligence thesis layer; audit before using as a formal taxonomy.
7,1984,Permanent magnet materials based on the rare earth-iron-boron tetragonal compounds,Nd-Fe-B rare-earth permanent magnets,Materials Science / Electromechanical Systems,Japan,Private,"Semiconductors, sensors and displays",Synthesize and test,Chemistry and materials,Direct physical-intelligence substrate,Rule-based keyword mapping for the Physical Intelligence thesis layer; audit before using as a formal taxonomy.
7,1984,Permanent magnet materials based on the rare earth-iron-boron tetragonal compounds,Nd-Fe-B rare-earth permanent magnets,Materials Science / Electromechanical Systems,Japan,Private,"Semiconductors, sensors and displays",Synthesize and test,Robotics and automation,Direct physical-intelligence substrate,Rule-based keyword mapping for the Physical Intelligence thesis layer; audit before using as a formal taxonomy.
7,1984,Permanent magnet materials based on the rare earth-iron-boron tetragonal compounds,Nd-Fe-B rare-earth permanent magnets,Materials Science / Electromechanical Systems,Japan,Private,"Semiconductors, sensors and displays",Synthesize and test,Aerospace and mobility,Direct physical-intelligence substrate,Rule-based keyword mapping for the Physical Intelligence thesis layer; audit before using as a formal taxonomy.
7,1984,Permanent magnet materials based on the rare earth-iron-boron tetragonal compounds,Nd-Fe-B rare-earth permanent magnets,Materials Science / Electromechanical Systems,Japan,Private,"Semiconductors, sensors and displays",Synthesize and test,Manufacturing,Direct physical-intelligence substrate,Rule-based keyword mapping for the Physical Intelligence thesis layer; audit before using as a formal taxonomy.
8,1985,Glyphosate-tolerant plant cells,Herbicide-tolerant crops,Engineering / Agricultural Biotechnology,United States,Private,Agricultural biotechnology,Manipulate and manufacture,Agriculture,Direct physical-intelligence substrate,Rule-based keyword mapping for the Physical Intelligence thesis layer; audit before using as a formal taxonomy.
9,1985,Enzymatic amplification of beta-globin genomic sequences and restriction site analysis for diagnosis of sickle cell anemia,PCR molecular amplification,Biology / Diagnostics,United States,Private,Molecular biology and bioengineering,Perceive and measure,Biology and health,Direct physical-intelligence substrate,Rule-based keyword mapping for the Physical Intelligence thesis layer; audit before using as a formal taxonomy.
9,1985,Enzymatic amplification of beta-globin genomic sequences and restriction site analysis for diagnosis of sickle cell anemia,PCR molecular amplification,Biology / Diagnostics,United States,Private,Molecular biology and bioengineering,Synthesize and test,Biology and health,Direct physical-intelligence substrate,Rule-based keyword mapping for the Physical Intelligence thesis layer; audit before using as a formal taxonomy.
9,1985,Enzymatic amplification of beta-globin genomic sequences and restriction site analysis for diagnosis of sickle cell anemia,PCR molecular amplification,Biology / Diagnostics,United States,Private,Molecular biology and bioengineering,Learn from physical-world data,Biology and health,Direct physical-intelligence substrate,Rule-based keyword mapping for the Physical Intelligence thesis layer; audit before using as a formal taxonomy.
10,1985,Cloning and expression of the human erythropoietin gene,Recombinant erythropoietin,Biology / Biopharma,United States,Private,Molecular biology and bioengineering,Indirect enabling context,Biology and health,Direct physical-intelligence substrate,Rule-based keyword mapping for the Physical Intelligence thesis layer; audit before using as a formal taxonomy.
11,1985,Filamentous fusion phage: novel expression vectors that display cloned antigens on the virion surface,Phage display,Biology / Antibody Engineering,United States,Public,"Semiconductors, sensors and displays",Manipulate and manufacture,Biology and health,Direct physical-intelligence substrate,Rule-based keyword mapping for the Physical Intelligence thesis layer; audit before using as a formal taxonomy.
11,1985,Filamentous fusion phage: novel expression vectors that display cloned antigens on the virion surface,Phage display,Biology / Antibody Engineering,United States,Public,"Semiconductors, sensors and displays",Manipulate and manufacture,Manufacturing,Direct physical-intelligence substrate,Rule-based keyword mapping for the Physical Intelligence thesis layer; audit before using as a formal taxonomy.
11,1985,Filamentous fusion phage: novel expression vectors that display cloned antigens on the virion surface,Phage display,Biology / Antibody Engineering,United States,Public,"Semiconductors, sensors and displays",Synthesize and test,Biology and health,Direct physical-intelligence substrate,Rule-based keyword mapping for the Physical Intelligence thesis layer; audit before using as a formal taxonomy.
11,1985,Filamentous fusion phage: novel expression vectors that display cloned antigens on the virion surface,Phage display,Biology / Antibody Engineering,United States,Public,"Semiconductors, sensors and displays",Synthesize and test,Manufacturing,Direct physical-intelligence substrate,Rule-based keyword mapping for the Physical Intelligence thesis layer; audit before using as a formal taxonomy.
12,1986,Replacing the complementarity-determining regions in a human antibody with those from a mouse,Humanized antibodies / CDR grafting,Biology / Antibody Therapeutics,United Kingdom,Public,Molecular biology and bioengineering,Synthesize and test,Biology and health,Direct physical-intelligence substrate,Rule-based keyword mapping for the Physical Intelligence thesis layer; audit before using as a formal taxonomy.
13,1977,DNA sequencing with chain-terminating inhibitors,Sanger DNA sequencing,Biology / Genomics,United Kingdom,Public,Molecular biology and bioengineering,Perceive and measure,Biology and health,Direct physical-intelligence substrate,Rule-based keyword mapping for the Physical Intelligence thesis layer; audit before using as a formal taxonomy.
13,1977,DNA sequencing with chain-terminating inhibitors,Sanger DNA sequencing,Biology / Genomics,United Kingdom,Public,Molecular biology and bioengineering,Synthesize and test,Biology and health,Direct physical-intelligence substrate,Rule-based keyword mapping for the Physical Intelligence thesis layer; audit before using as a formal taxonomy.
13,1977,DNA sequencing with chain-terminating inhibitors,Sanger DNA sequencing,Biology / Genomics,United Kingdom,Public,Molecular biology and bioengineering,Learn from physical-world data,Biology and health,Direct physical-intelligence substrate,Rule-based keyword mapping for the Physical Intelligence thesis layer; audit before using as a formal taxonomy.
14,1977,ML-236B / compactin and inhibition of HMG-CoA reductase,Statins / HMG-CoA reductase inhibitors,Biology / Pharma,Japan,Private,Molecular biology and bioengineering,Synthesize and test,Biology and health,Direct physical-intelligence substrate,Rule-based keyword mapping for the Physical Intelligence thesis layer; audit before using as a formal taxonomy.
15,1977,Design of specific inhibitors of angiotensin-converting enzyme; captopril,ACE inhibitors / cardiovascular drugs,Biology / Pharma,United States,Private,Molecular biology and bioengineering,Synthesize and test,Biology and health,Direct physical-intelligence substrate,Rule-based keyword mapping for the Physical Intelligence thesis layer; audit before using as a formal taxonomy.
16,1987,Human breast cancer: correlation of relapse and survival with amplification of the HER-2/neu oncogene,HER2 biomarker and targeted therapy,Biology / Oncology,United States,Mixed,"Semiconductors, sensors and displays",Manipulate and manufacture,Biology and health,Direct physical-intelligence substrate,Rule-based keyword mapping for the Physical Intelligence thesis layer; audit before using as a formal taxonomy.
16,1987,Human breast cancer: correlation of relapse and survival with amplification of the HER-2/neu oncogene,HER2 biomarker and targeted therapy,Biology / Oncology,United States,Mixed,"Semiconductors, sensors and displays",Manipulate and manufacture,Chemistry and materials,Direct physical-intelligence substrate,Rule-based keyword mapping for the Physical Intelligence thesis layer; audit before using as a formal taxonomy.
16,1987,Human breast cancer: correlation of relapse and survival with amplification of the HER-2/neu oncogene,HER2 biomarker and targeted therapy,Biology / Oncology,United States,Mixed,"Semiconductors, sensors and displays",Manipulate and manufacture,Energy and climate,Direct physical-intelligence substrate,Rule-based keyword mapping for the Physical Intelligence thesis layer; audit before using as a formal taxonomy.
16,1987,Human breast cancer: correlation of relapse and survival with amplification of the HER-2/neu oncogene,HER2 biomarker and targeted therapy,Biology / Oncology,United States,Mixed,"Semiconductors, sensors and displays",Manipulate and manufacture,Manufacturing,Direct physical-intelligence substrate,Rule-based keyword mapping for the Physical Intelligence thesis layer; audit before using as a formal taxonomy.
16,1987,Human breast cancer: correlation of relapse and survival with amplification of the HER-2/neu oncogene,HER2 biomarker and targeted therapy,Biology / Oncology,United States,Mixed,"Semiconductors, sensors and displays",Synthesize and test,Biology and health,Direct physical-intelligence substrate,Rule-based keyword mapping for the Physical Intelligence thesis layer; audit before using as a formal taxonomy.
16,1987,Human breast cancer: correlation of relapse and survival with amplification of the HER-2/neu oncogene,HER2 biomarker and targeted therapy,Biology / Oncology,United States,Mixed,"Semiconductors, sensors and displays",Synthesize and test,Chemistry and materials,Direct physical-intelligence substrate,Rule-based keyword mapping for the Physical Intelligence thesis layer; audit before using as a formal taxonomy.
16,1987,Human breast cancer: correlation of relapse and survival with amplification of the HER-2/neu oncogene,HER2 biomarker and targeted therapy,Biology / Oncology,United States,Mixed,"Semiconductors, sensors and displays",Synthesize and test,Energy and climate,Direct physical-intelligence substrate,Rule-based keyword mapping for the Physical Intelligence thesis layer; audit before using as a formal taxonomy.
16,1987,Human breast cancer: correlation of relapse and survival with amplification of the HER-2/neu oncogene,HER2 biomarker and targeted therapy,Biology / Oncology,United States,Mixed,"Semiconductors, sensors and displays",Synthesize and test,Manufacturing,Direct physical-intelligence substrate,Rule-based keyword mapping for the Physical Intelligence thesis layer; audit before using as a formal taxonomy.
17,1987,GLP-1 incretin biology papers enabling GLP-1 receptor agonists,GLP-1 incretin biology / diabetes and obesity medicines,Biology / Pharma,United States,Mixed,Molecular biology and bioengineering,Synthesize and test,Biology and health,Direct physical-intelligence substrate,Rule-based keyword mapping for the Physical Intelligence thesis layer; audit before using as a formal taxonomy.
18,1987,Low-noise erbium-doped fibre amplifier operating at 1.54 micrometre,Erbium-doped fiber amplifier / optical networks,Engineering / Telecommunications,United Kingdom,Public,Other enabling platform,Learn from physical-world data,Cross-domain science infrastructure,Adjacent economic platform,Rule-based keyword mapping for the Physical Intelligence thesis layer; audit before using as a formal taxonomy.
19,1987,Organic electroluminescent diodes,OLED displays / organic electronics,Materials Science / Displays,United States,Private,"Semiconductors, sensors and displays",Manipulate and manufacture,Chemistry and materials,Direct physical-intelligence substrate,Rule-based keyword mapping for the Physical Intelligence thesis layer; audit before using as a formal taxonomy.
19,1987,Organic electroluminescent diodes,OLED displays / organic electronics,Materials Science / Displays,United States,Private,"Semiconductors, sensors and displays",Manipulate and manufacture,Energy and climate,Direct physical-intelligence substrate,Rule-based keyword mapping for the Physical Intelligence thesis layer; audit before using as a formal taxonomy.
19,1987,Organic electroluminescent diodes,OLED displays / organic electronics,Materials Science / Displays,United States,Private,"Semiconductors, sensors and displays",Manipulate and manufacture,Manufacturing,Direct physical-intelligence substrate,Rule-based keyword mapping for the Physical Intelligence thesis layer; audit before using as a formal taxonomy.
19,1987,Organic electroluminescent diodes,OLED displays / organic electronics,Materials Science / Displays,United States,Private,"Semiconductors, sensors and displays",Synthesize and test,Chemistry and materials,Direct physical-intelligence substrate,Rule-based keyword mapping for the Physical Intelligence thesis layer; audit before using as a formal taxonomy.
19,1987,Organic electroluminescent diodes,OLED displays / organic electronics,Materials Science / Displays,United States,Private,"Semiconductors, sensors and displays",Synthesize and test,Energy and climate,Direct physical-intelligence substrate,Rule-based keyword mapping for the Physical Intelligence thesis layer; audit before using as a formal taxonomy.
19,1987,Organic electroluminescent diodes,OLED displays / organic electronics,Materials Science / Displays,United States,Private,"Semiconductors, sensors and displays",Synthesize and test,Manufacturing,Direct physical-intelligence substrate,Rule-based keyword mapping for the Physical Intelligence thesis layer; audit before using as a formal taxonomy.
20,1987,Transgenic plants protected from insect attack,Bt insect-resistant transgenic crops,Engineering / Agricultural Biotechnology,Belgium,Private,Agricultural biotechnology,Manipulate and manufacture,Agriculture,Direct physical-intelligence substrate,Rule-based keyword mapping for the Physical Intelligence thesis layer; audit before using as a formal taxonomy.
21,1988,Giant magnetoresistance of (001)Fe/(001)Cr magnetic superlattices,Giant magnetoresistance / data storage,Physics / Spintronics,France,Public,"Semiconductors, sensors and displays",Manipulate and manufacture,Chemistry and materials,Direct physical-intelligence substrate,Rule-based keyword mapping for the Physical Intelligence thesis layer; audit before using as a formal taxonomy.
21,1988,Giant magnetoresistance of (001)Fe/(001)Cr magnetic superlattices,Giant magnetoresistance / data storage,Physics / Spintronics,France,Public,"Semiconductors, sensors and displays",Manipulate and manufacture,Energy and climate,Direct physical-intelligence substrate,Rule-based keyword mapping for the Physical Intelligence thesis layer; audit before using as a formal taxonomy.
21,1988,Giant magnetoresistance of (001)Fe/(001)Cr magnetic superlattices,Giant magnetoresistance / data storage,Physics / Spintronics,France,Public,"Semiconductors, sensors and displays",Manipulate and manufacture,Manufacturing,Direct physical-intelligence substrate,Rule-based keyword mapping for the Physical Intelligence thesis layer; audit before using as a formal taxonomy.
21,1988,Giant magnetoresistance of (001)Fe/(001)Cr magnetic superlattices,Giant magnetoresistance / data storage,Physics / Spintronics,France,Public,"Semiconductors, sensors and displays",Learn from physical-world data,Chemistry and materials,Direct physical-intelligence substrate,Rule-based keyword mapping for the Physical Intelligence thesis layer; audit before using as a formal taxonomy.
21,1988,Giant magnetoresistance of (001)Fe/(001)Cr magnetic superlattices,Giant magnetoresistance / data storage,Physics / Spintronics,France,Public,"Semiconductors, sensors and displays",Learn from physical-world data,Energy and climate,Direct physical-intelligence substrate,Rule-based keyword mapping for the Physical Intelligence thesis layer; audit before using as a formal taxonomy.
21,1988,Giant magnetoresistance of (001)Fe/(001)Cr magnetic superlattices,Giant magnetoresistance / data storage,Physics / Spintronics,France,Public,"Semiconductors, sensors and displays",Learn from physical-world data,Manufacturing,Direct physical-intelligence substrate,Rule-based keyword mapping for the Physical Intelligence thesis layer; audit before using as a formal taxonomy.
22,1989,22.8% efficient silicon solar cell / passivated emitter rear cell architecture,PERC silicon solar cells,Engineering / Solar Energy,Australia,Public,Solar and energy systems,Manipulate and manufacture,Energy and climate,Direct physical-intelligence substrate,Rule-based keyword mapping for the Physical Intelligence thesis layer; audit before using as a formal taxonomy.
22,1989,22.8% efficient silicon solar cell / passivated emitter rear cell architecture,PERC silicon solar cells,Engineering / Solar Energy,Australia,Public,Solar and energy systems,Manipulate and manufacture,Manufacturing,Direct physical-intelligence substrate,Rule-based keyword mapping for the Physical Intelligence thesis layer; audit before using as a formal taxonomy.
23,1992,Papillomavirus L1 major capsid protein self-assembles into virus-like particles,HPV virus-like-particle vaccines,Biology / Vaccines,United States,Mixed,"Semiconductors, sensors and displays",Manipulate and manufacture,Biology and health,Direct physical-intelligence substrate,Rule-based keyword mapping for the Physical Intelligence thesis layer; audit before using as a formal taxonomy.
23,1992,Papillomavirus L1 major capsid protein self-assembles into virus-like particles,HPV virus-like-particle vaccines,Biology / Vaccines,United States,Mixed,"Semiconductors, sensors and displays",Manipulate and manufacture,Chemistry and materials,Direct physical-intelligence substrate,Rule-based keyword mapping for the Physical Intelligence thesis layer; audit before using as a formal taxonomy.
23,1992,Papillomavirus L1 major capsid protein self-assembles into virus-like particles,HPV virus-like-particle vaccines,Biology / Vaccines,United States,Mixed,"Semiconductors, sensors and displays",Manipulate and manufacture,Energy and climate,Direct physical-intelligence substrate,Rule-based keyword mapping for the Physical Intelligence thesis layer; audit before using as a formal taxonomy.
23,1992,Papillomavirus L1 major capsid protein self-assembles into virus-like particles,HPV virus-like-particle vaccines,Biology / Vaccines,United States,Mixed,"Semiconductors, sensors and displays",Manipulate and manufacture,Manufacturing,Direct physical-intelligence substrate,Rule-based keyword mapping for the Physical Intelligence thesis layer; audit before using as a formal taxonomy.
23,1992,Papillomavirus L1 major capsid protein self-assembles into virus-like particles,HPV virus-like-particle vaccines,Biology / Vaccines,United States,Mixed,"Semiconductors, sensors and displays",Synthesize and test,Biology and health,Direct physical-intelligence substrate,Rule-based keyword mapping for the Physical Intelligence thesis layer; audit before using as a formal taxonomy.
23,1992,Papillomavirus L1 major capsid protein self-assembles into virus-like particles,HPV virus-like-particle vaccines,Biology / Vaccines,United States,Mixed,"Semiconductors, sensors and displays",Synthesize and test,Chemistry and materials,Direct physical-intelligence substrate,Rule-based keyword mapping for the Physical Intelligence thesis layer; audit before using as a formal taxonomy.
23,1992,Papillomavirus L1 major capsid protein self-assembles into virus-like particles,HPV virus-like-particle vaccines,Biology / Vaccines,United States,Mixed,"Semiconductors, sensors and displays",Synthesize and test,Energy and climate,Direct physical-intelligence substrate,Rule-based keyword mapping for the Physical Intelligence thesis layer; audit before using as a formal taxonomy.
23,1992,Papillomavirus L1 major capsid protein self-assembles into virus-like particles,HPV virus-like-particle vaccines,Biology / Vaccines,United States,Mixed,"Semiconductors, sensors and displays",Synthesize and test,Manufacturing,Direct physical-intelligence substrate,Rule-based keyword mapping for the Physical Intelligence thesis layer; audit before using as a formal taxonomy.
24,1993,Near Shannon limit error-correcting coding and decoding: Turbo-codes,Turbo codes / channel coding,Engineering / Telecommunications,France,Public,"Compute, data and network infrastructure",Indirect enabling context,Aerospace and mobility,Enabling digital infrastructure,Rule-based keyword mapping for the Physical Intelligence thesis layer; audit before using as a formal taxonomy.
24,1993,Near Shannon limit error-correcting coding and decoding: Turbo-codes,Turbo codes / channel coding,Engineering / Telecommunications,France,Public,"Compute, data and network infrastructure",Indirect enabling context,Digital infrastructure,Enabling digital infrastructure,Rule-based keyword mapping for the Physical Intelligence thesis layer; audit before using as a formal taxonomy.
25,1993,Active pixel sensors: are CCDs dinosaurs?,CMOS active-pixel image sensors,Engineering / Imaging Sensors,United States,Mixed,"Semiconductors, sensors and displays",Perceive and measure,Chemistry and materials,Direct physical-intelligence substrate,Rule-based keyword mapping for the Physical Intelligence thesis layer; audit before using as a formal taxonomy.
25,1993,Active pixel sensors: are CCDs dinosaurs?,CMOS active-pixel image sensors,Engineering / Imaging Sensors,United States,Mixed,"Semiconductors, sensors and displays",Perceive and measure,Robotics and automation,Direct physical-intelligence substrate,Rule-based keyword mapping for the Physical Intelligence thesis layer; audit before using as a formal taxonomy.
25,1993,Active pixel sensors: are CCDs dinosaurs?,CMOS active-pixel image sensors,Engineering / Imaging Sensors,United States,Mixed,"Semiconductors, sensors and displays",Perceive and measure,Aerospace and mobility,Direct physical-intelligence substrate,Rule-based keyword mapping for the Physical Intelligence thesis layer; audit before using as a formal taxonomy.
25,1993,Active pixel sensors: are CCDs dinosaurs?,CMOS active-pixel image sensors,Engineering / Imaging Sensors,United States,Mixed,"Semiconductors, sensors and displays",Perceive and measure,Energy and climate,Direct physical-intelligence substrate,Rule-based keyword mapping for the Physical Intelligence thesis layer; audit before using as a formal taxonomy.
25,1993,Active pixel sensors: are CCDs dinosaurs?,CMOS active-pixel image sensors,Engineering / Imaging Sensors,United States,Mixed,"Semiconductors, sensors and displays",Perceive and measure,Manufacturing,Direct physical-intelligence substrate,Rule-based keyword mapping for the Physical Intelligence thesis layer; audit before using as a formal taxonomy.
25,1993,Active pixel sensors: are CCDs dinosaurs?,CMOS active-pixel image sensors,Engineering / Imaging Sensors,United States,Mixed,"Semiconductors, sensors and displays",Plan and control,Chemistry and materials,Direct physical-intelligence substrate,Rule-based keyword mapping for the Physical Intelligence thesis layer; audit before using as a formal taxonomy.
25,1993,Active pixel sensors: are CCDs dinosaurs?,CMOS active-pixel image sensors,Engineering / Imaging Sensors,United States,Mixed,"Semiconductors, sensors and displays",Plan and control,Robotics and automation,Direct physical-intelligence substrate,Rule-based keyword mapping for the Physical Intelligence thesis layer; audit before using as a formal taxonomy.
25,1993,Active pixel sensors: are CCDs dinosaurs?,CMOS active-pixel image sensors,Engineering / Imaging Sensors,United States,Mixed,"Semiconductors, sensors and displays",Plan and control,Aerospace and mobility,Direct physical-intelligence substrate,Rule-based keyword mapping for the Physical Intelligence thesis layer; audit before using as a formal taxonomy.
25,1993,Active pixel sensors: are CCDs dinosaurs?,CMOS active-pixel image sensors,Engineering / Imaging Sensors,United States,Mixed,"Semiconductors, sensors and displays",Plan and control,Energy and climate,Direct physical-intelligence substrate,Rule-based keyword mapping for the Physical Intelligence thesis layer; audit before using as a formal taxonomy.
25,1993,Active pixel sensors: are CCDs dinosaurs?,CMOS active-pixel image sensors,Engineering / Imaging Sensors,United States,Mixed,"Semiconductors, sensors and displays",Plan and control,Manufacturing,Direct physical-intelligence substrate,Rule-based keyword mapping for the Physical Intelligence thesis layer; audit before using as a formal taxonomy.
25,1993,Active pixel sensors: are CCDs dinosaurs?,CMOS active-pixel image sensors,Engineering / Imaging Sensors,United States,Mixed,"Semiconductors, sensors and displays",Manipulate and manufacture,Chemistry and materials,Direct physical-intelligence substrate,Rule-based keyword mapping for the Physical Intelligence thesis layer; audit before using as a formal taxonomy.
25,1993,Active pixel sensors: are CCDs dinosaurs?,CMOS active-pixel image sensors,Engineering / Imaging Sensors,United States,Mixed,"Semiconductors, sensors and displays",Manipulate and manufacture,Robotics and automation,Direct physical-intelligence substrate,Rule-based keyword mapping for the Physical Intelligence thesis layer; audit before using as a formal taxonomy.
25,1993,Active pixel sensors: are CCDs dinosaurs?,CMOS active-pixel image sensors,Engineering / Imaging Sensors,United States,Mixed,"Semiconductors, sensors and displays",Manipulate and manufacture,Aerospace and mobility,Direct physical-intelligence substrate,Rule-based keyword mapping for the Physical Intelligence thesis layer; audit before using as a formal taxonomy.
25,1993,Active pixel sensors: are CCDs dinosaurs?,CMOS active-pixel image sensors,Engineering / Imaging Sensors,United States,Mixed,"Semiconductors, sensors and displays",Manipulate and manufacture,Energy and climate,Direct physical-intelligence substrate,Rule-based keyword mapping for the Physical Intelligence thesis layer; audit before using as a formal taxonomy.
25,1993,Active pixel sensors: are CCDs dinosaurs?,CMOS active-pixel image sensors,Engineering / Imaging Sensors,United States,Mixed,"Semiconductors, sensors and displays",Manipulate and manufacture,Manufacturing,Direct physical-intelligence substrate,Rule-based keyword mapping for the Physical Intelligence thesis layer; audit before using as a formal taxonomy.
25,1993,Active pixel sensors: are CCDs dinosaurs?,CMOS active-pixel image sensors,Engineering / Imaging Sensors,United States,Mixed,"Semiconductors, sensors and displays",Learn from physical-world data,Chemistry and materials,Direct physical-intelligence substrate,Rule-based keyword mapping for the Physical Intelligence thesis layer; audit before using as a formal taxonomy.
25,1993,Active pixel sensors: are CCDs dinosaurs?,CMOS active-pixel image sensors,Engineering / Imaging Sensors,United States,Mixed,"Semiconductors, sensors and displays",Learn from physical-world data,Robotics and automation,Direct physical-intelligence substrate,Rule-based keyword mapping for the Physical Intelligence thesis layer; audit before using as a formal taxonomy.
25,1993,Active pixel sensors: are CCDs dinosaurs?,CMOS active-pixel image sensors,Engineering / Imaging Sensors,United States,Mixed,"Semiconductors, sensors and displays",Learn from physical-world data,Aerospace and mobility,Direct physical-intelligence substrate,Rule-based keyword mapping for the Physical Intelligence thesis layer; audit before using as a formal taxonomy.
25,1993,Active pixel sensors: are CCDs dinosaurs?,CMOS active-pixel image sensors,Engineering / Imaging Sensors,United States,Mixed,"Semiconductors, sensors and displays",Learn from physical-world data,Energy and climate,Direct physical-intelligence substrate,Rule-based keyword mapping for the Physical Intelligence thesis layer; audit before using as a formal taxonomy.
25,1993,Active pixel sensors: are CCDs dinosaurs?,CMOS active-pixel image sensors,Engineering / Imaging Sensors,United States,Mixed,"Semiconductors, sensors and displays",Learn from physical-world data,Manufacturing,Direct physical-intelligence substrate,Rule-based keyword mapping for the Physical Intelligence thesis layer; audit before using as a formal taxonomy.
26,1994,Candela-class high-brightness InGaN/AlGaN double-heterostructure blue-light-emitting diodes,High-brightness blue GaN LED,Physics / Optoelectronics,Japan,Private,"Semiconductors, sensors and displays",Plan and control,Chemistry and materials,Direct physical-intelligence substrate,Rule-based keyword mapping for the Physical Intelligence thesis layer; audit before using as a formal taxonomy.
26,1994,Candela-class high-brightness InGaN/AlGaN double-heterostructure blue-light-emitting diodes,High-brightness blue GaN LED,Physics / Optoelectronics,Japan,Private,"Semiconductors, sensors and displays",Plan and control,Robotics and automation,Direct physical-intelligence substrate,Rule-based keyword mapping for the Physical Intelligence thesis layer; audit before using as a formal taxonomy.
26,1994,Candela-class high-brightness InGaN/AlGaN double-heterostructure blue-light-emitting diodes,High-brightness blue GaN LED,Physics / Optoelectronics,Japan,Private,"Semiconductors, sensors and displays",Plan and control,Energy and climate,Direct physical-intelligence substrate,Rule-based keyword mapping for the Physical Intelligence thesis layer; audit before using as a formal taxonomy.
26,1994,Candela-class high-brightness InGaN/AlGaN double-heterostructure blue-light-emitting diodes,High-brightness blue GaN LED,Physics / Optoelectronics,Japan,Private,"Semiconductors, sensors and displays",Plan and control,Manufacturing,Direct physical-intelligence substrate,Rule-based keyword mapping for the Physical Intelligence thesis layer; audit before using as a formal taxonomy.
26,1994,Candela-class high-brightness InGaN/AlGaN double-heterostructure blue-light-emitting diodes,High-brightness blue GaN LED,Physics / Optoelectronics,Japan,Private,"Semiconductors, sensors and displays",Manipulate and manufacture,Chemistry and materials,Direct physical-intelligence substrate,Rule-based keyword mapping for the Physical Intelligence thesis layer; audit before using as a formal taxonomy.
26,1994,Candela-class high-brightness InGaN/AlGaN double-heterostructure blue-light-emitting diodes,High-brightness blue GaN LED,Physics / Optoelectronics,Japan,Private,"Semiconductors, sensors and displays",Manipulate and manufacture,Robotics and automation,Direct physical-intelligence substrate,Rule-based keyword mapping for the Physical Intelligence thesis layer; audit before using as a formal taxonomy.
26,1994,Candela-class high-brightness InGaN/AlGaN double-heterostructure blue-light-emitting diodes,High-brightness blue GaN LED,Physics / Optoelectronics,Japan,Private,"Semiconductors, sensors and displays",Manipulate and manufacture,Energy and climate,Direct physical-intelligence substrate,Rule-based keyword mapping for the Physical Intelligence thesis layer; audit before using as a formal taxonomy.
26,1994,Candela-class high-brightness InGaN/AlGaN double-heterostructure blue-light-emitting diodes,High-brightness blue GaN LED,Physics / Optoelectronics,Japan,Private,"Semiconductors, sensors and displays",Manipulate and manufacture,Manufacturing,Direct physical-intelligence substrate,Rule-based keyword mapping for the Physical Intelligence thesis layer; audit before using as a formal taxonomy.
27,1994,The World-Wide Web,World Wide Web,Technology / Web,Switzerland,Public,"Compute, data and network infrastructure",Learn from physical-world data,Digital infrastructure,Enabling digital infrastructure,Rule-based keyword mapping for the Physical Intelligence thesis layer; audit before using as a formal taxonomy.
28,1996,Layered space-time architecture for wireless communication in a fading environment when using multi-element antennas,MIMO / BLAST layered space-time architecture,Engineering / Wireless Communications,United States,Private,"Compute, data and network infrastructure",Indirect enabling context,Aerospace and mobility,Enabling digital infrastructure,Rule-based keyword mapping for the Physical Intelligence thesis layer; audit before using as a formal taxonomy.
28,1996,Layered space-time architecture for wireless communication in a fading environment when using multi-element antennas,MIMO / BLAST layered space-time architecture,Engineering / Wireless Communications,United States,Private,"Compute, data and network infrastructure",Indirect enabling context,Digital infrastructure,Enabling digital infrastructure,Rule-based keyword mapping for the Physical Intelligence thesis layer; audit before using as a formal taxonomy.
29,1996,Effects of a selective inhibitor of the Abl tyrosine kinase on the growth of Bcr-Abl positive cells,BCR-ABL kinase inhibition / imatinib,Biology / Oncology Pharma,United States; Switzerland,Mixed,"Robotics, autonomy and perception",Plan and control,Biology and health,Direct physical-intelligence substrate,Rule-based keyword mapping for the Physical Intelligence thesis layer; audit before using as a formal taxonomy.
29,1996,Effects of a selective inhibitor of the Abl tyrosine kinase on the growth of Bcr-Abl positive cells,BCR-ABL kinase inhibition / imatinib,Biology / Oncology Pharma,United States; Switzerland,Mixed,"Robotics, autonomy and perception",Plan and control,Robotics and automation,Direct physical-intelligence substrate,Rule-based keyword mapping for the Physical Intelligence thesis layer; audit before using as a formal taxonomy.
29,1996,Effects of a selective inhibitor of the Abl tyrosine kinase on the growth of Bcr-Abl positive cells,BCR-ABL kinase inhibition / imatinib,Biology / Oncology Pharma,United States; Switzerland,Mixed,"Robotics, autonomy and perception",Synthesize and test,Biology and health,Direct physical-intelligence substrate,Rule-based keyword mapping for the Physical Intelligence thesis layer; audit before using as a formal taxonomy.
29,1996,Effects of a selective inhibitor of the Abl tyrosine kinase on the growth of Bcr-Abl positive cells,BCR-ABL kinase inhibition / imatinib,Biology / Oncology Pharma,United States; Switzerland,Mixed,"Robotics, autonomy and perception",Synthesize and test,Robotics and automation,Direct physical-intelligence substrate,Rule-based keyword mapping for the Physical Intelligence thesis layer; audit before using as a formal taxonomy.
30,1996,Enhancement of antitumor immunity by CTLA-4 blockade,CTLA-4 checkpoint blockade,Biology / Cancer Immunotherapy,United States,Public,Molecular biology and bioengineering,Synthesize and test,Biology and health,Direct physical-intelligence substrate,Rule-based keyword mapping for the Physical Intelligence thesis layer; audit before using as a formal taxonomy.
31,1997,Phospho-olivines as positive-electrode materials for rechargeable lithium batteries,Lithium-ion batteries / LFP cathode,Chemistry / Energy Materials,United States,Public,Batteries and energy storage,Manipulate and manufacture,Chemistry and materials,Direct physical-intelligence substrate,Rule-based keyword mapping for the Physical Intelligence thesis layer; audit before using as a formal taxonomy.
31,1997,Phospho-olivines as positive-electrode materials for rechargeable lithium batteries,Lithium-ion batteries / LFP cathode,Chemistry / Energy Materials,United States,Public,Batteries and energy storage,Manipulate and manufacture,Energy and climate,Direct physical-intelligence substrate,Rule-based keyword mapping for the Physical Intelligence thesis layer; audit before using as a formal taxonomy.
31,1997,Phospho-olivines as positive-electrode materials for rechargeable lithium batteries,Lithium-ion batteries / LFP cathode,Chemistry / Energy Materials,United States,Public,Batteries and energy storage,Manipulate and manufacture,Manufacturing,Direct physical-intelligence substrate,Rule-based keyword mapping for the Physical Intelligence thesis layer; audit before using as a formal taxonomy.
31,1997,Phospho-olivines as positive-electrode materials for rechargeable lithium batteries,Lithium-ion batteries / LFP cathode,Chemistry / Energy Materials,United States,Public,Batteries and energy storage,Synthesize and test,Chemistry and materials,Direct physical-intelligence substrate,Rule-based keyword mapping for the Physical Intelligence thesis layer; audit before using as a formal taxonomy.
31,1997,Phospho-olivines as positive-electrode materials for rechargeable lithium batteries,Lithium-ion batteries / LFP cathode,Chemistry / Energy Materials,United States,Public,Batteries and energy storage,Synthesize and test,Energy and climate,Direct physical-intelligence substrate,Rule-based keyword mapping for the Physical Intelligence thesis layer; audit before using as a formal taxonomy.
31,1997,Phospho-olivines as positive-electrode materials for rechargeable lithium batteries,Lithium-ion batteries / LFP cathode,Chemistry / Energy Materials,United States,Public,Batteries and energy storage,Synthesize and test,Manufacturing,Direct physical-intelligence substrate,Rule-based keyword mapping for the Physical Intelligence thesis layer; audit before using as a formal taxonomy.
32,1997,Long short-term memory,LSTM sequence learning,Technology / Artificial Intelligence,Switzerland; Germany,Public,AI models and prediction,"Predict, model and generate",Cross-domain science infrastructure,Direct physical-intelligence substrate,Rule-based keyword mapping for the Physical Intelligence thesis layer; audit before using as a formal taxonomy.
33,1998,The PageRank citation ranking: bringing order to the Web,PageRank / Google search,Technology / Web Search,United States,Private,"Compute, data and network infrastructure","Predict, model and generate",Digital infrastructure,Enabling digital infrastructure,Rule-based keyword mapping for the Physical Intelligence thesis layer; audit before using as a formal taxonomy.
33,1998,The PageRank citation ranking: bringing order to the Web,PageRank / Google search,Technology / Web Search,United States,Private,"Compute, data and network infrastructure",Learn from physical-world data,Digital infrastructure,Enabling digital infrastructure,Rule-based keyword mapping for the Physical Intelligence thesis layer; audit before using as a formal taxonomy.
34,1998,Potent and specific genetic interference by double-stranded RNA in Caenorhabditis elegans,RNA interference,Biology / RNA Therapeutics,United States,Mixed,"Semiconductors, sensors and displays","Predict, model and generate",Biology and health,Direct physical-intelligence substrate,Rule-based keyword mapping for the Physical Intelligence thesis layer; audit before using as a formal taxonomy.
34,1998,Potent and specific genetic interference by double-stranded RNA in Caenorhabditis elegans,RNA interference,Biology / RNA Therapeutics,United States,Mixed,"Semiconductors, sensors and displays","Predict, model and generate",Chemistry and materials,Direct physical-intelligence substrate,Rule-based keyword mapping for the Physical Intelligence thesis layer; audit before using as a formal taxonomy.
34,1998,Potent and specific genetic interference by double-stranded RNA in Caenorhabditis elegans,RNA interference,Biology / RNA Therapeutics,United States,Mixed,"Semiconductors, sensors and displays","Predict, model and generate",Energy and climate,Direct physical-intelligence substrate,Rule-based keyword mapping for the Physical Intelligence thesis layer; audit before using as a formal taxonomy.
34,1998,Potent and specific genetic interference by double-stranded RNA in Caenorhabditis elegans,RNA interference,Biology / RNA Therapeutics,United States,Mixed,"Semiconductors, sensors and displays","Predict, model and generate",Manufacturing,Direct physical-intelligence substrate,Rule-based keyword mapping for the Physical Intelligence thesis layer; audit before using as a formal taxonomy.
34,1998,Potent and specific genetic interference by double-stranded RNA in Caenorhabditis elegans,RNA interference,Biology / RNA Therapeutics,United States,Mixed,"Semiconductors, sensors and displays",Manipulate and manufacture,Biology and health,Direct physical-intelligence substrate,Rule-based keyword mapping for the Physical Intelligence thesis layer; audit before using as a formal taxonomy.
34,1998,Potent and specific genetic interference by double-stranded RNA in Caenorhabditis elegans,RNA interference,Biology / RNA Therapeutics,United States,Mixed,"Semiconductors, sensors and displays",Manipulate and manufacture,Chemistry and materials,Direct physical-intelligence substrate,Rule-based keyword mapping for the Physical Intelligence thesis layer; audit before using as a formal taxonomy.
34,1998,Potent and specific genetic interference by double-stranded RNA in Caenorhabditis elegans,RNA interference,Biology / RNA Therapeutics,United States,Mixed,"Semiconductors, sensors and displays",Manipulate and manufacture,Energy and climate,Direct physical-intelligence substrate,Rule-based keyword mapping for the Physical Intelligence thesis layer; audit before using as a formal taxonomy.
34,1998,Potent and specific genetic interference by double-stranded RNA in Caenorhabditis elegans,RNA interference,Biology / RNA Therapeutics,United States,Mixed,"Semiconductors, sensors and displays",Manipulate and manufacture,Manufacturing,Direct physical-intelligence substrate,Rule-based keyword mapping for the Physical Intelligence thesis layer; audit before using as a formal taxonomy.
34,1998,Potent and specific genetic interference by double-stranded RNA in Caenorhabditis elegans,RNA interference,Biology / RNA Therapeutics,United States,Mixed,"Semiconductors, sensors and displays",Synthesize and test,Biology and health,Direct physical-intelligence substrate,Rule-based keyword mapping for the Physical Intelligence thesis layer; audit before using as a formal taxonomy.
34,1998,Potent and specific genetic interference by double-stranded RNA in Caenorhabditis elegans,RNA interference,Biology / RNA Therapeutics,United States,Mixed,"Semiconductors, sensors and displays",Synthesize and test,Chemistry and materials,Direct physical-intelligence substrate,Rule-based keyword mapping for the Physical Intelligence thesis layer; audit before using as a formal taxonomy.
34,1998,Potent and specific genetic interference by double-stranded RNA in Caenorhabditis elegans,RNA interference,Biology / RNA Therapeutics,United States,Mixed,"Semiconductors, sensors and displays",Synthesize and test,Energy and climate,Direct physical-intelligence substrate,Rule-based keyword mapping for the Physical Intelligence thesis layer; audit before using as a formal taxonomy.
34,1998,Potent and specific genetic interference by double-stranded RNA in Caenorhabditis elegans,RNA interference,Biology / RNA Therapeutics,United States,Mixed,"Semiconductors, sensors and displays",Synthesize and test,Manufacturing,Direct physical-intelligence substrate,Rule-based keyword mapping for the Physical Intelligence thesis layer; audit before using as a formal taxonomy.
35,2000,FinFET: a self-aligned double-gate MOSFET scalable to 20 nm,FinFET / double-gate MOSFET,Engineering / Semiconductor Devices,United States; Japan,Mixed,"Semiconductors, sensors and displays",Manipulate and manufacture,Chemistry and materials,Direct physical-intelligence substrate,Rule-based keyword mapping for the Physical Intelligence thesis layer; audit before using as a formal taxonomy.
35,2000,FinFET: a self-aligned double-gate MOSFET scalable to 20 nm,FinFET / double-gate MOSFET,Engineering / Semiconductor Devices,United States; Japan,Mixed,"Semiconductors, sensors and displays",Manipulate and manufacture,Manufacturing,Direct physical-intelligence substrate,Rule-based keyword mapping for the Physical Intelligence thesis layer; audit before using as a formal taxonomy.
36,2002,Tumor-associated B7-H1 promotes T-cell apoptosis: a potential mechanism of immune evasion,PD-L1 immune checkpoint pathway,Biology / Cancer Immunotherapy,United States,Public,Molecular biology and bioengineering,Synthesize and test,Biology and health,Direct physical-intelligence substrate,Rule-based keyword mapping for the Physical Intelligence thesis layer; audit before using as a formal taxonomy.
37,2003,Mutations in PCSK9 cause autosomal dominant hypercholesterolemia,PCSK9 inhibitors / cholesterol,Biology / Cardiometabolic Genetics,France; Lebanon; Canada,Public,Solar and energy systems,Synthesize and test,Biology and health,Direct physical-intelligence substrate,Rule-based keyword mapping for the Physical Intelligence thesis layer; audit before using as a formal taxonomy.
37,2003,Mutations in PCSK9 cause autosomal dominant hypercholesterolemia,PCSK9 inhibitors / cholesterol,Biology / Cardiometabolic Genetics,France; Lebanon; Canada,Public,Solar and energy systems,Synthesize and test,Energy and climate,Direct physical-intelligence substrate,Rule-based keyword mapping for the Physical Intelligence thesis layer; audit before using as a formal taxonomy.
38,2003,The Google File System,Google File System / cloud data infrastructure,Technology / Cloud Infrastructure,United States,Private,"Compute, data and network infrastructure",Learn from physical-world data,Digital infrastructure,Enabling digital infrastructure,Rule-based keyword mapping for the Physical Intelligence thesis layer; audit before using as a formal taxonomy.
39,2004,MapReduce: simplified data processing on large clusters,MapReduce / big data processing,Technology / Cloud Infrastructure,United States,Private,"Compute, data and network infrastructure",Learn from physical-world data,Digital infrastructure,Enabling digital infrastructure,Rule-based keyword mapping for the Physical Intelligence thesis layer; audit before using as a formal taxonomy.
40,2005,Suppression of RNA recognition by Toll-like receptors: the impact of nucleoside modification and the evolutionary origin of RNA,Nucleoside-modified mRNA,Biology / mRNA Medicines,United States,Private,Molecular biology and bioengineering,Synthesize and test,Biology and health,Direct physical-intelligence substrate,Rule-based keyword mapping for the Physical Intelligence thesis layer; audit before using as a formal taxonomy.
41,2006,Bigtable: a distributed storage system for structured data,Bigtable / NoSQL data systems,Technology / Cloud Databases,United States,Private,"Compute, data and network infrastructure",Learn from physical-world data,Digital infrastructure,Enabling digital infrastructure,Rule-based keyword mapping for the Physical Intelligence thesis layer; audit before using as a formal taxonomy.
42,2006,Four-color DNA sequencing by synthesis using cleavable fluorescent nucleotide reversible terminators,Sequencing by synthesis with reversible terminators,Biology / Genomics,United States,Private,Molecular biology and bioengineering,Perceive and measure,Biology and health,Direct physical-intelligence substrate,Rule-based keyword mapping for the Physical Intelligence thesis layer; audit before using as a formal taxonomy.
42,2006,Four-color DNA sequencing by synthesis using cleavable fluorescent nucleotide reversible terminators,Sequencing by synthesis with reversible terminators,Biology / Genomics,United States,Private,Molecular biology and bioengineering,Synthesize and test,Biology and health,Direct physical-intelligence substrate,Rule-based keyword mapping for the Physical Intelligence thesis layer; audit before using as a formal taxonomy.
42,2006,Four-color DNA sequencing by synthesis using cleavable fluorescent nucleotide reversible terminators,Sequencing by synthesis with reversible terminators,Biology / Genomics,United States,Private,Molecular biology and bioengineering,Learn from physical-world data,Biology and health,Direct physical-intelligence substrate,Rule-based keyword mapping for the Physical Intelligence thesis layer; audit before using as a formal taxonomy.
43,2010,Rational design of cationic lipids for siRNA delivery,Ionizable lipid nanoparticles / RNA delivery,Biology / RNA Drug Delivery,Canada; United States,Mixed,Molecular biology and bioengineering,Synthesize and test,Biology and health,Direct physical-intelligence substrate,Rule-based keyword mapping for the Physical Intelligence thesis layer; audit before using as a formal taxonomy.
44,2010,Discovery of a beta-d-2'-deoxy-2'-alpha-fluoro-2'-beta-C-methyluridine nucleotide prodrug for HCV therapy,Sofosbuvir / hepatitis C cure,Biology / Antiviral Pharma,United States,Private,"Semiconductors, sensors and displays",Manipulate and manufacture,Biology and health,Direct physical-intelligence substrate,Rule-based keyword mapping for the Physical Intelligence thesis layer; audit before using as a formal taxonomy.
44,2010,Discovery of a beta-d-2'-deoxy-2'-alpha-fluoro-2'-beta-C-methyluridine nucleotide prodrug for HCV therapy,Sofosbuvir / hepatitis C cure,Biology / Antiviral Pharma,United States,Private,"Semiconductors, sensors and displays",Manipulate and manufacture,Chemistry and materials,Direct physical-intelligence substrate,Rule-based keyword mapping for the Physical Intelligence thesis layer; audit before using as a formal taxonomy.
44,2010,Discovery of a beta-d-2'-deoxy-2'-alpha-fluoro-2'-beta-C-methyluridine nucleotide prodrug for HCV therapy,Sofosbuvir / hepatitis C cure,Biology / Antiviral Pharma,United States,Private,"Semiconductors, sensors and displays",Manipulate and manufacture,Energy and climate,Direct physical-intelligence substrate,Rule-based keyword mapping for the Physical Intelligence thesis layer; audit before using as a formal taxonomy.
44,2010,Discovery of a beta-d-2'-deoxy-2'-alpha-fluoro-2'-beta-C-methyluridine nucleotide prodrug for HCV therapy,Sofosbuvir / hepatitis C cure,Biology / Antiviral Pharma,United States,Private,"Semiconductors, sensors and displays",Manipulate and manufacture,Manufacturing,Direct physical-intelligence substrate,Rule-based keyword mapping for the Physical Intelligence thesis layer; audit before using as a formal taxonomy.
44,2010,Discovery of a beta-d-2'-deoxy-2'-alpha-fluoro-2'-beta-C-methyluridine nucleotide prodrug for HCV therapy,Sofosbuvir / hepatitis C cure,Biology / Antiviral Pharma,United States,Private,"Semiconductors, sensors and displays",Synthesize and test,Biology and health,Direct physical-intelligence substrate,Rule-based keyword mapping for the Physical Intelligence thesis layer; audit before using as a formal taxonomy.
44,2010,Discovery of a beta-d-2'-deoxy-2'-alpha-fluoro-2'-beta-C-methyluridine nucleotide prodrug for HCV therapy,Sofosbuvir / hepatitis C cure,Biology / Antiviral Pharma,United States,Private,"Semiconductors, sensors and displays",Synthesize and test,Chemistry and materials,Direct physical-intelligence substrate,Rule-based keyword mapping for the Physical Intelligence thesis layer; audit before using as a formal taxonomy.
44,2010,Discovery of a beta-d-2'-deoxy-2'-alpha-fluoro-2'-beta-C-methyluridine nucleotide prodrug for HCV therapy,Sofosbuvir / hepatitis C cure,Biology / Antiviral Pharma,United States,Private,"Semiconductors, sensors and displays",Synthesize and test,Energy and climate,Direct physical-intelligence substrate,Rule-based keyword mapping for the Physical Intelligence thesis layer; audit before using as a formal taxonomy.
44,2010,Discovery of a beta-d-2'-deoxy-2'-alpha-fluoro-2'-beta-C-methyluridine nucleotide prodrug for HCV therapy,Sofosbuvir / hepatitis C cure,Biology / Antiviral Pharma,United States,Private,"Semiconductors, sensors and displays",Synthesize and test,Manufacturing,Direct physical-intelligence substrate,Rule-based keyword mapping for the Physical Intelligence thesis layer; audit before using as a formal taxonomy.
45,2011,T cells with chimeric antigen receptors have potent antitumor effects and can establish memory in patients with advanced leukemia,CD19 CAR-T cells,Biology / Cell Therapy,United States,Private,Molecular biology and bioengineering,Synthesize and test,Biology and health,Direct physical-intelligence substrate,Rule-based keyword mapping for the Physical Intelligence thesis layer; audit before using as a formal taxonomy.
46,2012,A programmable dual-RNA-guided DNA endonuclease in adaptive bacterial immunity,CRISPR-Cas9 programmable genome editing,Biology / Genome Editing,United States; Sweden; Austria; Germany,Public,Molecular biology and bioengineering,Perceive and measure,Biology and health,Direct physical-intelligence substrate,Rule-based keyword mapping for the Physical Intelligence thesis layer; audit before using as a formal taxonomy.
46,2012,A programmable dual-RNA-guided DNA endonuclease in adaptive bacterial immunity,CRISPR-Cas9 programmable genome editing,Biology / Genome Editing,United States; Sweden; Austria; Germany,Public,Molecular biology and bioengineering,Perceive and measure,Agriculture,Direct physical-intelligence substrate,Rule-based keyword mapping for the Physical Intelligence thesis layer; audit before using as a formal taxonomy.
46,2012,A programmable dual-RNA-guided DNA endonuclease in adaptive bacterial immunity,CRISPR-Cas9 programmable genome editing,Biology / Genome Editing,United States; Sweden; Austria; Germany,Public,Molecular biology and bioengineering,"Predict, model and generate",Biology and health,Direct physical-intelligence substrate,Rule-based keyword mapping for the Physical Intelligence thesis layer; audit before using as a formal taxonomy.
46,2012,A programmable dual-RNA-guided DNA endonuclease in adaptive bacterial immunity,CRISPR-Cas9 programmable genome editing,Biology / Genome Editing,United States; Sweden; Austria; Germany,Public,Molecular biology and bioengineering,"Predict, model and generate",Agriculture,Direct physical-intelligence substrate,Rule-based keyword mapping for the Physical Intelligence thesis layer; audit before using as a formal taxonomy.
46,2012,A programmable dual-RNA-guided DNA endonuclease in adaptive bacterial immunity,CRISPR-Cas9 programmable genome editing,Biology / Genome Editing,United States; Sweden; Austria; Germany,Public,Molecular biology and bioengineering,Synthesize and test,Biology and health,Direct physical-intelligence substrate,Rule-based keyword mapping for the Physical Intelligence thesis layer; audit before using as a formal taxonomy.
46,2012,A programmable dual-RNA-guided DNA endonuclease in adaptive bacterial immunity,CRISPR-Cas9 programmable genome editing,Biology / Genome Editing,United States; Sweden; Austria; Germany,Public,Molecular biology and bioengineering,Synthesize and test,Agriculture,Direct physical-intelligence substrate,Rule-based keyword mapping for the Physical Intelligence thesis layer; audit before using as a formal taxonomy.
47,2012,ImageNet classification with deep convolutional neural networks / AlexNet,Deep learning / computer vision,Technology / Artificial Intelligence,Canada,Public,"Robotics, autonomy and perception",Perceive and measure,Robotics and automation,Direct physical-intelligence substrate,Rule-based keyword mapping for the Physical Intelligence thesis layer; audit before using as a formal taxonomy.
47,2012,ImageNet classification with deep convolutional neural networks / AlexNet,Deep learning / computer vision,Technology / Artificial Intelligence,Canada,Public,"Robotics, autonomy and perception",Perceive and measure,Aerospace and mobility,Direct physical-intelligence substrate,Rule-based keyword mapping for the Physical Intelligence thesis layer; audit before using as a formal taxonomy.
47,2012,ImageNet classification with deep convolutional neural networks / AlexNet,Deep learning / computer vision,Technology / Artificial Intelligence,Canada,Public,"Robotics, autonomy and perception","Predict, model and generate",Robotics and automation,Direct physical-intelligence substrate,Rule-based keyword mapping for the Physical Intelligence thesis layer; audit before using as a formal taxonomy.
47,2012,ImageNet classification with deep convolutional neural networks / AlexNet,Deep learning / computer vision,Technology / Artificial Intelligence,Canada,Public,"Robotics, autonomy and perception","Predict, model and generate",Aerospace and mobility,Direct physical-intelligence substrate,Rule-based keyword mapping for the Physical Intelligence thesis layer; audit before using as a formal taxonomy.
47,2012,ImageNet classification with deep convolutional neural networks / AlexNet,Deep learning / computer vision,Technology / Artificial Intelligence,Canada,Public,"Robotics, autonomy and perception",Learn from physical-world data,Robotics and automation,Direct physical-intelligence substrate,Rule-based keyword mapping for the Physical Intelligence thesis layer; audit before using as a formal taxonomy.
47,2012,ImageNet classification with deep convolutional neural networks / AlexNet,Deep learning / computer vision,Technology / Artificial Intelligence,Canada,Public,"Robotics, autonomy and perception",Learn from physical-world data,Aerospace and mobility,Direct physical-intelligence substrate,Rule-based keyword mapping for the Physical Intelligence thesis layer; audit before using as a formal taxonomy.
48,2015,Deep residual learning for image recognition / ResNet,Residual networks / computer vision,Technology / Artificial Intelligence,China; United States,Private,Solar and energy systems,Perceive and measure,Robotics and automation,Direct physical-intelligence substrate,Rule-based keyword mapping for the Physical Intelligence thesis layer; audit before using as a formal taxonomy.
48,2015,Deep residual learning for image recognition / ResNet,Residual networks / computer vision,Technology / Artificial Intelligence,China; United States,Private,Solar and energy systems,Perceive and measure,Aerospace and mobility,Direct physical-intelligence substrate,Rule-based keyword mapping for the Physical Intelligence thesis layer; audit before using as a formal taxonomy.
48,2015,Deep residual learning for image recognition / ResNet,Residual networks / computer vision,Technology / Artificial Intelligence,China; United States,Private,Solar and energy systems,Perceive and measure,Energy and climate,Direct physical-intelligence substrate,Rule-based keyword mapping for the Physical Intelligence thesis layer; audit before using as a formal taxonomy.
48,2015,Deep residual learning for image recognition / ResNet,Residual networks / computer vision,Technology / Artificial Intelligence,China; United States,Private,Solar and energy systems,Plan and control,Robotics and automation,Direct physical-intelligence substrate,Rule-based keyword mapping for the Physical Intelligence thesis layer; audit before using as a formal taxonomy.
48,2015,Deep residual learning for image recognition / ResNet,Residual networks / computer vision,Technology / Artificial Intelligence,China; United States,Private,Solar and energy systems,Plan and control,Aerospace and mobility,Direct physical-intelligence substrate,Rule-based keyword mapping for the Physical Intelligence thesis layer; audit before using as a formal taxonomy.
48,2015,Deep residual learning for image recognition / ResNet,Residual networks / computer vision,Technology / Artificial Intelligence,China; United States,Private,Solar and energy systems,Plan and control,Energy and climate,Direct physical-intelligence substrate,Rule-based keyword mapping for the Physical Intelligence thesis layer; audit before using as a formal taxonomy.
48,2015,Deep residual learning for image recognition / ResNet,Residual networks / computer vision,Technology / Artificial Intelligence,China; United States,Private,Solar and energy systems,Learn from physical-world data,Robotics and automation,Direct physical-intelligence substrate,Rule-based keyword mapping for the Physical Intelligence thesis layer; audit before using as a formal taxonomy.
48,2015,Deep residual learning for image recognition / ResNet,Residual networks / computer vision,Technology / Artificial Intelligence,China; United States,Private,Solar and energy systems,Learn from physical-world data,Aerospace and mobility,Direct physical-intelligence substrate,Rule-based keyword mapping for the Physical Intelligence thesis layer; audit before using as a formal taxonomy.
48,2015,Deep residual learning for image recognition / ResNet,Residual networks / computer vision,Technology / Artificial Intelligence,China; United States,Private,Solar and energy systems,Learn from physical-world data,Energy and climate,Direct physical-intelligence substrate,Rule-based keyword mapping for the Physical Intelligence thesis layer; audit before using as a formal taxonomy.
49,2015,"You Only Look Once: unified, real-time object detection",YOLO real-time object detection,Technology / Robotics and Computer Vision,United States,Mixed,"Robotics, autonomy and perception",Perceive and measure,Robotics and automation,Direct physical-intelligence substrate,Rule-based keyword mapping for the Physical Intelligence thesis layer; audit before using as a formal taxonomy.
49,2015,"You Only Look Once: unified, real-time object detection",YOLO real-time object detection,Technology / Robotics and Computer Vision,United States,Mixed,"Robotics, autonomy and perception",Perceive and measure,Aerospace and mobility,Direct physical-intelligence substrate,Rule-based keyword mapping for the Physical Intelligence thesis layer; audit before using as a formal taxonomy.
49,2015,"You Only Look Once: unified, real-time object detection",YOLO real-time object detection,Technology / Robotics and Computer Vision,United States,Mixed,"Robotics, autonomy and perception",Perceive and measure,Manufacturing,Direct physical-intelligence substrate,Rule-based keyword mapping for the Physical Intelligence thesis layer; audit before using as a formal taxonomy.
49,2015,"You Only Look Once: unified, real-time object detection",YOLO real-time object detection,Technology / Robotics and Computer Vision,United States,Mixed,"Robotics, autonomy and perception",Plan and control,Robotics and automation,Direct physical-intelligence substrate,Rule-based keyword mapping for the Physical Intelligence thesis layer; audit before using as a formal taxonomy.
49,2015,"You Only Look Once: unified, real-time object detection",YOLO real-time object detection,Technology / Robotics and Computer Vision,United States,Mixed,"Robotics, autonomy and perception",Plan and control,Aerospace and mobility,Direct physical-intelligence substrate,Rule-based keyword mapping for the Physical Intelligence thesis layer; audit before using as a formal taxonomy.
49,2015,"You Only Look Once: unified, real-time object detection",YOLO real-time object detection,Technology / Robotics and Computer Vision,United States,Mixed,"Robotics, autonomy and perception",Plan and control,Manufacturing,Direct physical-intelligence substrate,Rule-based keyword mapping for the Physical Intelligence thesis layer; audit before using as a formal taxonomy.
49,2015,"You Only Look Once: unified, real-time object detection",YOLO real-time object detection,Technology / Robotics and Computer Vision,United States,Mixed,"Robotics, autonomy and perception",Manipulate and manufacture,Robotics and automation,Direct physical-intelligence substrate,Rule-based keyword mapping for the Physical Intelligence thesis layer; audit before using as a formal taxonomy.
49,2015,"You Only Look Once: unified, real-time object detection",YOLO real-time object detection,Technology / Robotics and Computer Vision,United States,Mixed,"Robotics, autonomy and perception",Manipulate and manufacture,Aerospace and mobility,Direct physical-intelligence substrate,Rule-based keyword mapping for the Physical Intelligence thesis layer; audit before using as a formal taxonomy.
49,2015,"You Only Look Once: unified, real-time object detection",YOLO real-time object detection,Technology / Robotics and Computer Vision,United States,Mixed,"Robotics, autonomy and perception",Manipulate and manufacture,Manufacturing,Direct physical-intelligence substrate,Rule-based keyword mapping for the Physical Intelligence thesis layer; audit before using as a formal taxonomy.
49,2015,"You Only Look Once: unified, real-time object detection",YOLO real-time object detection,Technology / Robotics and Computer Vision,United States,Mixed,"Robotics, autonomy and perception",Learn from physical-world data,Robotics and automation,Direct physical-intelligence substrate,Rule-based keyword mapping for the Physical Intelligence thesis layer; audit before using as a formal taxonomy.
49,2015,"You Only Look Once: unified, real-time object detection",YOLO real-time object detection,Technology / Robotics and Computer Vision,United States,Mixed,"Robotics, autonomy and perception",Learn from physical-world data,Aerospace and mobility,Direct physical-intelligence substrate,Rule-based keyword mapping for the Physical Intelligence thesis layer; audit before using as a formal taxonomy.
49,2015,"You Only Look Once: unified, real-time object detection",YOLO real-time object detection,Technology / Robotics and Computer Vision,United States,Mixed,"Robotics, autonomy and perception",Learn from physical-world data,Manufacturing,Direct physical-intelligence substrate,Rule-based keyword mapping for the Physical Intelligence thesis layer; audit before using as a formal taxonomy.
50,2017,Attention Is All You Need,Transformers / foundation models,Technology / Artificial Intelligence,United States,Private,"Robotics, autonomy and perception","Predict, model and generate",Robotics and automation,Direct physical-intelligence substrate,Rule-based keyword mapping for the Physical Intelligence thesis layer; audit before using as a formal taxonomy.
50,2017,Attention Is All You Need,Transformers / foundation models,Technology / Artificial Intelligence,United States,Private,"Robotics, autonomy and perception","Predict, model and generate",Digital infrastructure,Direct physical-intelligence substrate,Rule-based keyword mapping for the Physical Intelligence thesis layer; audit before using as a formal taxonomy.
50,2017,Attention Is All You Need,Transformers / foundation models,Technology / Artificial Intelligence,United States,Private,"Robotics, autonomy and perception",Plan and control,Robotics and automation,Direct physical-intelligence substrate,Rule-based keyword mapping for the Physical Intelligence thesis layer; audit before using as a formal taxonomy.
50,2017,Attention Is All You Need,Transformers / foundation models,Technology / Artificial Intelligence,United States,Private,"Robotics, autonomy and perception",Plan and control,Digital infrastructure,Direct physical-intelligence substrate,Rule-based keyword mapping for the Physical Intelligence thesis layer; audit before using as a formal taxonomy.
50,2017,Attention Is All You Need,Transformers / foundation models,Technology / Artificial Intelligence,United States,Private,"Robotics, autonomy and perception",Learn from physical-world data,Robotics and automation,Direct physical-intelligence substrate,Rule-based keyword mapping for the Physical Intelligence thesis layer; audit before using as a formal taxonomy.
50,2017,Attention Is All You Need,Transformers / foundation models,Technology / Artificial Intelligence,United States,Private,"Robotics, autonomy and perception",Learn from physical-world data,Digital infrastructure,Direct physical-intelligence substrate,Rule-based keyword mapping for the Physical Intelligence thesis layer; audit before using as a formal taxonomy.
51,2018,BERT: pre-training of deep bidirectional transformers for language understanding,BERT / pretrained language models,Technology / Artificial Intelligence,United States,Private,AI models and prediction,"Predict, model and generate",Cross-domain science infrastructure,Direct physical-intelligence substrate,Rule-based keyword mapping for the Physical Intelligence thesis layer; audit before using as a formal taxonomy.
52,1985,Elliptic curve cryptosystems,Elliptic-curve cryptography,Mathematics / Cryptography,United States,Mixed,Digital trust and market infrastructure,Secure and coordinate infrastructure,Digital infrastructure,Adjacent economic platform,Rule-based keyword mapping for the Physical Intelligence thesis layer; audit before using as a formal taxonomy.
53,1980,Colloidal semiconductor nanocrystals / quantum dots paper family,Quantum dots / QD displays and nanomaterials,Materials Science / Displays,United States,Mixed,"Semiconductors, sensors and displays",Manipulate and manufacture,Chemistry and materials,Direct physical-intelligence substrate,Rule-based keyword mapping for the Physical Intelligence thesis layer; audit before using as a formal taxonomy.
53,1980,Colloidal semiconductor nanocrystals / quantum dots paper family,Quantum dots / QD displays and nanomaterials,Materials Science / Displays,United States,Mixed,"Semiconductors, sensors and displays",Manipulate and manufacture,Energy and climate,Direct physical-intelligence substrate,Rule-based keyword mapping for the Physical Intelligence thesis layer; audit before using as a formal taxonomy.
53,1980,Colloidal semiconductor nanocrystals / quantum dots paper family,Quantum dots / QD displays and nanomaterials,Materials Science / Displays,United States,Mixed,"Semiconductors, sensors and displays",Manipulate and manufacture,Manufacturing,Direct physical-intelligence substrate,Rule-based keyword mapping for the Physical Intelligence thesis layer; audit before using as a formal taxonomy.
53,1980,Colloidal semiconductor nanocrystals / quantum dots paper family,Quantum dots / QD displays and nanomaterials,Materials Science / Displays,United States,Mixed,"Semiconductors, sensors and displays",Synthesize and test,Chemistry and materials,Direct physical-intelligence substrate,Rule-based keyword mapping for the Physical Intelligence thesis layer; audit before using as a formal taxonomy.
53,1980,Colloidal semiconductor nanocrystals / quantum dots paper family,Quantum dots / QD displays and nanomaterials,Materials Science / Displays,United States,Mixed,"Semiconductors, sensors and displays",Synthesize and test,Energy and climate,Direct physical-intelligence substrate,Rule-based keyword mapping for the Physical Intelligence thesis layer; audit before using as a formal taxonomy.
53,1980,Colloidal semiconductor nanocrystals / quantum dots paper family,Quantum dots / QD displays and nanomaterials,Materials Science / Displays,United States,Mixed,"Semiconductors, sensors and displays",Synthesize and test,Manufacturing,Direct physical-intelligence substrate,Rule-based keyword mapping for the Physical Intelligence thesis layer; audit before using as a formal taxonomy.
54,2009,ROS: an open-source Robot Operating System,Robot Operating System / ROS,Engineering / Robotics,United States,Mixed,"Robotics, autonomy and perception","Predict, model and generate",Robotics and automation,Direct physical-intelligence substrate,Rule-based keyword mapping for the Physical Intelligence thesis layer; audit before using as a formal taxonomy.
54,2009,ROS: an open-source Robot Operating System,Robot Operating System / ROS,Engineering / Robotics,United States,Mixed,"Robotics, autonomy and perception","Predict, model and generate",Aerospace and mobility,Direct physical-intelligence substrate,Rule-based keyword mapping for the Physical Intelligence thesis layer; audit before using as a formal taxonomy.
54,2009,ROS: an open-source Robot Operating System,Robot Operating System / ROS,Engineering / Robotics,United States,Mixed,"Robotics, autonomy and perception","Predict, model and generate",Manufacturing,Direct physical-intelligence substrate,Rule-based keyword mapping for the Physical Intelligence thesis layer; audit before using as a formal taxonomy.
54,2009,ROS: an open-source Robot Operating System,Robot Operating System / ROS,Engineering / Robotics,United States,Mixed,"Robotics, autonomy and perception",Plan and control,Robotics and automation,Direct physical-intelligence substrate,Rule-based keyword mapping for the Physical Intelligence thesis layer; audit before using as a formal taxonomy.
54,2009,ROS: an open-source Robot Operating System,Robot Operating System / ROS,Engineering / Robotics,United States,Mixed,"Robotics, autonomy and perception",Plan and control,Aerospace and mobility,Direct physical-intelligence substrate,Rule-based keyword mapping for the Physical Intelligence thesis layer; audit before using as a formal taxonomy.
54,2009,ROS: an open-source Robot Operating System,Robot Operating System / ROS,Engineering / Robotics,United States,Mixed,"Robotics, autonomy and perception",Plan and control,Manufacturing,Direct physical-intelligence substrate,Rule-based keyword mapping for the Physical Intelligence thesis layer; audit before using as a formal taxonomy.
54,2009,ROS: an open-source Robot Operating System,Robot Operating System / ROS,Engineering / Robotics,United States,Mixed,"Robotics, autonomy and perception",Manipulate and manufacture,Robotics and automation,Direct physical-intelligence substrate,Rule-based keyword mapping for the Physical Intelligence thesis layer; audit before using as a formal taxonomy.
54,2009,ROS: an open-source Robot Operating System,Robot Operating System / ROS,Engineering / Robotics,United States,Mixed,"Robotics, autonomy and perception",Manipulate and manufacture,Aerospace and mobility,Direct physical-intelligence substrate,Rule-based keyword mapping for the Physical Intelligence thesis layer; audit before using as a formal taxonomy.
54,2009,ROS: an open-source Robot Operating System,Robot Operating System / ROS,Engineering / Robotics,United States,Mixed,"Robotics, autonomy and perception",Manipulate and manufacture,Manufacturing,Direct physical-intelligence substrate,Rule-based keyword mapping for the Physical Intelligence thesis layer; audit before using as a formal taxonomy.
55,1990,Probabilistic SLAM / simultaneous localization and mapping paper family,SLAM / autonomous robotics,Engineering / Robotics,Germany; United States,Mixed,"Robotics, autonomy and perception",Perceive and measure,Robotics and automation,Direct physical-intelligence substrate,Rule-based keyword mapping for the Physical Intelligence thesis layer; audit before using as a formal taxonomy.
55,1990,Probabilistic SLAM / simultaneous localization and mapping paper family,SLAM / autonomous robotics,Engineering / Robotics,Germany; United States,Mixed,"Robotics, autonomy and perception",Perceive and measure,Aerospace and mobility,Direct physical-intelligence substrate,Rule-based keyword mapping for the Physical Intelligence thesis layer; audit before using as a formal taxonomy.
55,1990,Probabilistic SLAM / simultaneous localization and mapping paper family,SLAM / autonomous robotics,Engineering / Robotics,Germany; United States,Mixed,"Robotics, autonomy and perception",Perceive and measure,Manufacturing,Direct physical-intelligence substrate,Rule-based keyword mapping for the Physical Intelligence thesis layer; audit before using as a formal taxonomy.
55,1990,Probabilistic SLAM / simultaneous localization and mapping paper family,SLAM / autonomous robotics,Engineering / Robotics,Germany; United States,Mixed,"Robotics, autonomy and perception",Plan and control,Robotics and automation,Direct physical-intelligence substrate,Rule-based keyword mapping for the Physical Intelligence thesis layer; audit before using as a formal taxonomy.
55,1990,Probabilistic SLAM / simultaneous localization and mapping paper family,SLAM / autonomous robotics,Engineering / Robotics,Germany; United States,Mixed,"Robotics, autonomy and perception",Plan and control,Aerospace and mobility,Direct physical-intelligence substrate,Rule-based keyword mapping for the Physical Intelligence thesis layer; audit before using as a formal taxonomy.
55,1990,Probabilistic SLAM / simultaneous localization and mapping paper family,SLAM / autonomous robotics,Engineering / Robotics,Germany; United States,Mixed,"Robotics, autonomy and perception",Plan and control,Manufacturing,Direct physical-intelligence substrate,Rule-based keyword mapping for the Physical Intelligence thesis layer; audit before using as a formal taxonomy.
55,1990,Probabilistic SLAM / simultaneous localization and mapping paper family,SLAM / autonomous robotics,Engineering / Robotics,Germany; United States,Mixed,"Robotics, autonomy and perception",Manipulate and manufacture,Robotics and automation,Direct physical-intelligence substrate,Rule-based keyword mapping for the Physical Intelligence thesis layer; audit before using as a formal taxonomy.
55,1990,Probabilistic SLAM / simultaneous localization and mapping paper family,SLAM / autonomous robotics,Engineering / Robotics,Germany; United States,Mixed,"Robotics, autonomy and perception",Manipulate and manufacture,Aerospace and mobility,Direct physical-intelligence substrate,Rule-based keyword mapping for the Physical Intelligence thesis layer; audit before using as a formal taxonomy.
55,1990,Probabilistic SLAM / simultaneous localization and mapping paper family,SLAM / autonomous robotics,Engineering / Robotics,Germany; United States,Mixed,"Robotics, autonomy and perception",Manipulate and manufacture,Manufacturing,Direct physical-intelligence substrate,Rule-based keyword mapping for the Physical Intelligence thesis layer; audit before using as a formal taxonomy.
56,2021,Highly accurate protein structure prediction with AlphaFold,AlphaFold2 / protein structure prediction,Biology / Artificial Intelligence,United Kingdom; United States,Private,AI models and prediction,"Predict, model and generate",Biology and health,Direct physical-intelligence substrate,Rule-based keyword mapping for the Physical Intelligence thesis layer; audit before using as a formal taxonomy.
56,2021,Highly accurate protein structure prediction with AlphaFold,AlphaFold2 / protein structure prediction,Biology / Artificial Intelligence,United Kingdom; United States,Private,AI models and prediction,Synthesize and test,Biology and health,Direct physical-intelligence substrate,Rule-based keyword mapping for the Physical Intelligence thesis layer; audit before using as a formal taxonomy.
57,2020,Denoising diffusion probabilistic models,Diffusion generative models,Technology / Artificial Intelligence,United States,Mixed,AI models and prediction,"Predict, model and generate",Cross-domain science infrastructure,Direct physical-intelligence substrate,Rule-based keyword mapping for the Physical Intelligence thesis layer; audit before using as a formal taxonomy.
58,2008,Bitcoin: a peer-to-peer electronic cash system,Bitcoin / blockchain,Technology / Cryptography and Financial Technology,Unknown / online,Non-institutional,Digital trust and market infrastructure,Secure and coordinate infrastructure,Digital infrastructure,Adjacent economic platform,Rule-based keyword mapping for the Physical Intelligence thesis layer; audit before using as a formal taxonomy.
59,2015,Human-level control through deep reinforcement learning; Mastering the game of Go with deep neural networks and tree search,Deep reinforcement learning / game AI,Technology / Artificial Intelligence,United Kingdom,Private,"Robotics, autonomy and perception","Predict, model and generate",Robotics and automation,Direct physical-intelligence substrate,Rule-based keyword mapping for the Physical Intelligence thesis layer; audit before using as a formal taxonomy.
59,2015,Human-level control through deep reinforcement learning; Mastering the game of Go with deep neural networks and tree search,Deep reinforcement learning / game AI,Technology / Artificial Intelligence,United Kingdom,Private,"Robotics, autonomy and perception","Predict, model and generate",Aerospace and mobility,Direct physical-intelligence substrate,Rule-based keyword mapping for the Physical Intelligence thesis layer; audit before using as a formal taxonomy.
59,2015,Human-level control through deep reinforcement learning; Mastering the game of Go with deep neural networks and tree search,Deep reinforcement learning / game AI,Technology / Artificial Intelligence,United Kingdom,Private,"Robotics, autonomy and perception","Predict, model and generate",Manufacturing,Direct physical-intelligence substrate,Rule-based keyword mapping for the Physical Intelligence thesis layer; audit before using as a formal taxonomy.
59,2015,Human-level control through deep reinforcement learning; Mastering the game of Go with deep neural networks and tree search,Deep reinforcement learning / game AI,Technology / Artificial Intelligence,United Kingdom,Private,"Robotics, autonomy and perception",Plan and control,Robotics and automation,Direct physical-intelligence substrate,Rule-based keyword mapping for the Physical Intelligence thesis layer; audit before using as a formal taxonomy.
59,2015,Human-level control through deep reinforcement learning; Mastering the game of Go with deep neural networks and tree search,Deep reinforcement learning / game AI,Technology / Artificial Intelligence,United Kingdom,Private,"Robotics, autonomy and perception",Plan and control,Aerospace and mobility,Direct physical-intelligence substrate,Rule-based keyword mapping for the Physical Intelligence thesis layer; audit before using as a formal taxonomy.
59,2015,Human-level control through deep reinforcement learning; Mastering the game of Go with deep neural networks and tree search,Deep reinforcement learning / game AI,Technology / Artificial Intelligence,United Kingdom,Private,"Robotics, autonomy and perception",Plan and control,Manufacturing,Direct physical-intelligence substrate,Rule-based keyword mapping for the Physical Intelligence thesis layer; audit before using as a formal taxonomy.
59,2015,Human-level control through deep reinforcement learning; Mastering the game of Go with deep neural networks and tree search,Deep reinforcement learning / game AI,Technology / Artificial Intelligence,United Kingdom,Private,"Robotics, autonomy and perception",Manipulate and manufacture,Robotics and automation,Direct physical-intelligence substrate,Rule-based keyword mapping for the Physical Intelligence thesis layer; audit before using as a formal taxonomy.
59,2015,Human-level control through deep reinforcement learning; Mastering the game of Go with deep neural networks and tree search,Deep reinforcement learning / game AI,Technology / Artificial Intelligence,United Kingdom,Private,"Robotics, autonomy and perception",Manipulate and manufacture,Aerospace and mobility,Direct physical-intelligence substrate,Rule-based keyword mapping for the Physical Intelligence thesis layer; audit before using as a formal taxonomy.
59,2015,Human-level control through deep reinforcement learning; Mastering the game of Go with deep neural networks and tree search,Deep reinforcement learning / game AI,Technology / Artificial Intelligence,United Kingdom,Private,"Robotics, autonomy and perception",Manipulate and manufacture,Manufacturing,Direct physical-intelligence substrate,Rule-based keyword mapping for the Physical Intelligence thesis layer; audit before using as a formal taxonomy.
