Startup Name,Country,Core Scientific Field,How Physical Intelligence is Used,Est. Funding,Website Link,Updated_Name_or_Active_Label,Active_Status,Independence_Status,Physical_AI_Fit,Original_Est_Funding,Updated_Investment_Estimate,Updated_Investment_USD_M_low,Updated_Investment_USD_M_base,Updated_Investment_USD_M_high,Investment_Metric_Type,Latest_Round_or_Event,Latest_Round_or_Event_Year,Valuation_or_Public_Market_Signal,Investment_Evidence_Confidence,Original_Website_Link,Updated_Website,Investment_Source_URLs,Status_Notes,Do_Not_Aggregate_Without_Metric_Filter,Last_Updated
Physical Intelligence (Pi),USA,AI / Robotics,"Software: Developing pi_0, a general-purpose AI model that acts as a universal brain for any robot. It translates text/images directly into physical motor commands.",>$400M,https://www.physicalintelligence.company,Physical Intelligence (Pi),Active,Independent private company,Core physical AI / robot foundation model,>$400M,Reported total funding about $1.1B; one secondary source suggests up to about $1.5B. Latest major round: $600M in 2025 at about $5.6B valuation.,1100,1100,1500,reported_total_funding,2025 $600M financing round,2025,$5.6B reported valuation,High,https://www.physicalintelligence.company,https://www.physicalintelligence.company,https://www.therobotreport.com/physical-intelligence-raises-600m-advance-robot-foundation-models/ ; https://tsginvest.com/physical-intelligence/,Keep active. Funding is fast-moving; use range.,Use caution,2026-06-04
Figure AI,USA,Embodied AI,"Hardware/Software: Building Figure 01, a commercially viable humanoid. Uses OpenAI foundation models to give the robot semantic understanding of physical space and objects.",>$675M,https://figure.ai,Figure AI,Active,Independent private company,Core physical AI / humanoids,>$675M,"Series C exceeded $1B in committed capital in 2025; cumulative capital is likely above prior $675M plus this round, but exact cumulative total was not separately audited.",1000,1675,1800,latest_round_plus_prior_known_rounds_estimate,2025 Series C >$1B,2025,$39B post-money valuation,High,https://figure.ai,https://figure.ai,https://www.figure.ai/news/series-c ; https://www.prnewswire.com/news-releases/figure-exceeds-1b-in-series-c-funding-at-39b-post-money-valuation-302556936.html,Active. Base estimate combines disclosed latest round with previous list estimate; do not treat as audited cap table.,Yes,2026-06-04
Skild AI,USA,AI / Robotics,"Software: Training massive foundational models on physical physics data, allowing an AI brain to adapt to multiple robot body types.",>$300M,https://skild.ai,Skild AI,Active,Independent private company,Core physical AI / robot foundation model,>$300M,$1.4B Series C announced in 2026; third-party databases report cumulative funding around $1.8B.,1400,1810,1810,reported_total_funding,2026 $1.4B Series C,2026,>$14B valuation,High,https://skild.ai,https://skild.ai,https://www.businesswire.com/news/home/20260114335623/en/Skild-AI-Raises-%241.4B-Now-Valued-Over-%2414B ; https://news.crunchbase.com/venture/robotics-startup-skild-ai-triples-valuation/,Active.,Use caution,2026-06-04
Covariant,USA,Robotics,"Software: The Covariant Brain. Uses imitation learning and reinforcement learning to teach robotic arms to manipulate chaotic, unpredictable physical objects.",>$220M,https://covariant.ai,Covariant,Active / status changed,Status changed: founders and some employees moved to Amazon; Amazon licensed robotic foundation models,Core physical AI / robot manipulation software,>$220M,About $222M previously raised; company status changed after Amazon licensed models and hired founders/team members.,195,222,222,reported_total_funding_before_status_change,2024 Amazon licensing / founder hiring transaction,2024,Last reported valuation around $625M before status change,Medium-high,https://covariant.ai,https://covariant.ai,https://www.aboutamazon.com/news/company-news/amazon-covariant-ai-robots ; https://o.parsers.vc/startup/covariant.ai/,"Keep as active/status-changed, not as a normal independent startup.",Yes,2026-06-04
1X Technologies,Norway,Embodied AI / Mechanics,"Hardware/Software: Backed by OpenAI; building Neo and Eve. Focuses on safe, compliant physical intelligence for humanoid robots working alongside humans.",>$130M,https://www.1x.tech,1X Technologies,Active,Independent private company,Core physical AI / humanoids,>$130M,About $125M-$136M reported total funding after $100M Series B.,125,136,136,reported_total_funding,2024 $100M Series B,2024,Not disclosed in audited source,High,https://www.1x.tech,https://www.1x.tech,https://www.1x.tech/discover/1x-raises-100m-series-b ; https://research.contrary.com/company/1x-technologies,Active.,Use caution,2026-06-04
Agility Robotics,USA,Physics / Biomechanics,"Hardware/Software: Commercializing Digit, a bipedal robot. Their breakthroughs rely on dynamic walking physics and AI-driven spatial navigation.",>$150M,https://agilityrobotics.com,Agility Robotics,Active,Independent private company,Core physical AI / bipedal warehouse humanoid,>$150M,"Reported total funding about $288M; some 2025 secondary sources suggest substantially higher totals, so use a range.",288,288,640,reported_total_funding_range,2024/2025 reported Series C financing,2024-2025,Not consistently reported,Medium,https://agilityrobotics.com,https://agilityrobotics.com,https://startupintros.com/agility-robotics/ ; https://tsginvest.com/agility-robotics/,Active. Funding reports vary; base uses more conservative total.,Use caution,2026-06-04
Shield AI,USA,Aerospace / Physics,Software: Hivemind AI. Physical intelligence applied to aerodynamics—AI pilots that fly drones and jets autonomously in high-G environments without GPS.,>$500M,https://shield.ai,Shield AI,Active,Independent private company,Core physical AI / autonomous aircraft and defense robotics,>$500M,2026 Series G announced/raised about $1.5B plus preferred equity; third-party total funding estimates around $3B+.,1500,3170,3520,reported_total_funding_range,2026 Series G / preferred equity financing,2026,$12.7B valuation reported,Medium-high,https://shield.ai,https://shield.ai,https://shield.ai/shield-ai-raises-series-g/ ; https://tracxn.com/d/companies/shield-ai/__dBMEpcxuHc3Bz8VwhGKUFtXHzjX-PElH9j5q-u2Rd_U/funding-and-investors,Active. Defense funding totals can be reported inconsistently.,Use caution,2026-06-04
Insilico Medicine,USA/China,Bio / Chem / Robotics,"Built LifeStar 1, a fully automated, AI-driven robotic laboratory. AI imagines a new chemical, and the physical robots synthesize and test it autonomously.",>$400M,https://insilico.com,Insilico Medicine,Active,Independent / public-market transition,AI-for-science plus automated labs; adjacent-to-core physical AI,>$400M,2025 Series E about $123M; third-party cumulative funding around $611M.,500,611.3,611.3,reported_total_funding,2025 Series E about $123M and HK IPO process,2025,HK IPO/public-market transition reported,Medium-high,https://insilico.com,https://insilico.com,https://www.eurekalert.org/news-releases/1085727 ; https://www.clay.com/dossier/insilico-medicine-funding,"Active. Physical-AI fit is mainly AI-driven automated R&D labs, not robotics-only.",Use caution,2026-06-04
Emerald Cloud Lab,USA,Chemistry / Life Sci,A physical lab where every piece of equipment is operated by robotic arms and controlled remotely by AI and scientists via code.,>$130M,https://www.emeraldcloudlab.com,Emerald Cloud Lab,Active,Independent private company,Robotic cloud lab / automated science,>$130M,"Reported cumulative funding about $151M-$152M, including 2025 Series C-1 financing.",151.1,152,152,reported_total_funding,2025 Series C-1 financing,2025,Not disclosed,High,https://www.emeraldcloudlab.com,https://www.emeraldcloudlab.com,https://forgeglobal.com/emerald-cloud-lab_stock/ ; https://pitchbook.com/profiles/company/108348-76,Active.,Use caution,2026-06-04
Culture Biosciences,USA,Synthetic Biology,"Operates cloud-connected, robotic bioreactors. AI monitors the physical fluid dynamics, oxygen levels, and cell growth, optimizing fermentation autonomously.",>$100M,https://www.culturebiosciences.com,Culture Biosciences,Active,Independent private company,Cloud bioreactors / automated bioprocessing,>$100M,Reported cumulative funding about $107M; Series C closed in 2025.,100,107,107,reported_total_funding,2025 Series C,2025,Not disclosed,Medium-high,https://www.culturebiosciences.com,https://www.culturebiosciences.com,https://www.globenewswire.com/news-release/2025/12/16/3171244/0/en/Culture-Biosciences-Announces-Series-C-Financing-To-Accelerate-the-Future-of-Biomanufacturing.html ; https://tracxn.com/d/companies/culture-biosciences/__xSnp4UcZRnG2AnRSIiSInvSX-8VTRmvy3bk9wUMS1aM/funding-and-investors,Active.,Use caution,2026-06-04
Bright Machines,USA,Mechatronics / AI,Software-Defined Manufacturing. Uses computer vision and AI-guided robotic arms to autonomously assemble complex physical electronics.,>$300M,https://www.brightmachines.com,Bright Machines,Active,Independent private company,Automated manufacturing / AI-guided assembly,>$300M,Official 2024 Series C was $126M and company said total funding exceeded $400M; some secondary sources report about $648M total.,400,400,648,reported_total_funding_range,2024 $126M Series C,2024,Not disclosed,High for >$400M; Medium for high estimate,https://www.brightmachines.com,https://www.brightmachines.com,https://www.brightmachines.com/press-release/bright-machines-secures-106m-series-c-funding-to-accelerate-the-future-of-software-defined-manufacturing/ ; https://startupintros.com/bright-machines/,Active.,Use caution,2026-06-04
Hadrian,USA,Aerospace MatSci,"Highly automated, AI-driven precision manufacturing. AI calculates the exact cutting physics required to machine aerospace-grade metals.",>$117M,https://www.hadrian.co,Hadrian,Active,Independent private company,Automated precision manufacturing,>$117M,"2025 Series C about $260M; secondary reports estimate total financing above $500M, with one estimate around $611M.",500,611,611,reported_total_funding_range,2025 $260M Series C,2025,~$1.6B valuation reported by secondary source,Medium-high,https://www.hadrian.co,https://www.hadrian.co,https://o.parsers.vc/startup/hadrian.co/ ; https://tectonic.co/companies/hadrian,Active.,Use caution,2026-06-04
Varda Space Industries,USA,Microgravity Physics,"Uses autonomous robotics to manufacture pharmaceuticals in space, then uses autonomous physical navigation for atmospheric re-entry.",>$150M,https://varda.com,Varda Space Industries,Active,Independent private company,Autonomous in-space manufacturing / re-entry systems,>$150M,2025 Series C of $187M; total funding reported at $329M.,329,329,329,reported_total_funding,2025 $187M Series C,2025,Not disclosed,High,https://varda.com,https://varda.com,https://www.prnewswire.com/news-releases/varda-space-industries-raises-187-million-series-c-to-commercialize-orbital-manufacturing-302502361.html ; https://www.reuters.com/business/aerospace-defense/varda-space-industries-raises-187-million-series-c-2025-07-10/,Active.,Use caution,2026-06-04
Anduril Industries,USA,Defense / Physics,"Lattice OS: An AI system that acts as a physical intelligence network, fusing sensor data to autonomously direct drones and submersibles.",>$2.2B,https://www.anduril.com,Anduril Industries,Active,Independent private company,Core physical AI / autonomous defense systems,>$2.2B,2026 Series H: $5B at $61B valuation. Cumulative funding estimates vary; use $5B as latest confirmed round and $8.5B as midpoint model estimate.,5000,8500,11300,latest_round_with_total_funding_range,2026 $5B Series H,2026,$61B valuation,High for latest round; Medium for cumulative total,https://www.anduril.com,https://www.anduril.com,https://www.anduril.com/news/anduril-announces-usd5b-series-h-raise ; https://techcrunch.com/2026/05/13/anduril-raises-5b-doubles-valuation-to-61b/,Active. Defense-tech funding is very fast-moving; do not use midpoint as audited total.,Yes,2026-06-04
Symbotic,USA,Kinematics / AI,"Uses a fleet of AI-driven, high-speed autonomous robots that understand physical dimensions to build and move complex palettes of goods in 3D space.",>$1B (Public),https://www.symbotic.com,Symbotic,Active public company,Public company,Core physical AI / warehouse robotics,>$1B (Public),Public via SoftBank SPAC transaction; expected to raise up to about $725M with enterprise value around $5.5B at transaction announcement.,725,725,725,public_spac_proceeds,SPAC/public listing transaction,2022,$5.5B SPAC transaction enterprise value,High,https://www.symbotic.com,https://www.symbotic.com,https://www.reuters.com/markets/deals/softbank-spac-takes-walmart-backed-symbotic-public-55-bln-deal-2021-12-13/ ; https://ir.symbotic.com/news-releases/news-release-details/symbotic-announces-completion-business-combination-svb,"Active public company; numeric value is transaction proceeds, not cumulative private funding.",Yes,2026-06-04
Agibot,China,Embodied AI / Mechatronics,Hardware/Software: Building the Expedition humanoid series. Uses end-to-end AI foundation models to give robots universal physical intelligence.,>$150M,https://www.agibot.com,Agibot,Active,Independent private company,Core physical AI / humanoids,>$150M,Funding is uncertain in accessible sources: one third-party database reports about $83.8M raised; original list claimed >$150M. Kept as $83.8M-$150M range.,83.8,150,150,reported_total_funding_range_low_confidence,"Recent private funding reports, exact cumulative total unclear",2024-2026,Third-party valuation around $6.4B reported,Low-medium,https://www.agibot.com,https://www.agibot.com,https://tracxn.com/d/companies/agibot/__xgqDDGiTbsuys6_3RP5zQK9-9m88hAcb_6K5tfO5-W4/funding-and-investors ; https://www.agibot.com,"Active, but investment amount needs manual diligence.",Yes,2026-06-04
Unitree Robotics,China,Biomechanics / AI,"Hardware/Software: Uses deep reinforcement learning to teach quadruped and humanoid (G1/H1) robots dynamic balance, running, and physical recovery.",>$140M,https://www.unitree.com,Unitree Robotics,Active / IPO planned,Independent private company / public-market transition,Core physical AI / quadrupeds and humanoids,>$140M,"2026 Shanghai IPO filing reportedly targets 4.2B yuan, about $610M; previous private funding total not fully audited.",610,610,610,planned_ipo_raise,2026 Shanghai IPO filing target,2026,Profitable 2025 operations reported; IPO planned,High for IPO target; Low for cumulative funding,https://www.unitree.com,https://www.unitree.com,https://www.reuters.com/technology/chinese-robot-maker-unitree-seeks-610-million-shanghai-ipo-prospectus-shows-2026-05-13/ ; https://restofworld.org/2026/china-robot-dog-maker-unitree-ipo/,Active. IPO target is not the same as historical funding.,Yes,2026-06-04
Galbot,China,AI / Robotics,Software/Hardware: Focused on generalizable physical manipulation. AI calculates physics of unseen objects for successful grasping.,>$100M,https://www.galbot.com,Galbot,Active,Independent private company,Core physical AI / manipulation and embodied AI,>$100M,2026 financing: 2.5B yuan (~$362M) reported; one report says nearly 5B yuan (~$724M) raised over three months.,362,724,724,reported_recent_funding_range,2026 large private financing rounds,2026,Not consistently reported,Medium-high,https://www.galbot.com,https://www.galbot.com,https://www.caixinglobal.com/2026-03-03/chinese-robotics-startup-galbot-raises-25-billion-yuan-in-series-b-round-102293527.html ; https://autonews.gasgoo.com/m/70036590.html,Active.,Yes,2026-06-04
CloudMinds,China,Cloud Robotics / AI,Software: Commercializing the Cloud Brain architecture. Intense AI physics compute is done in the cloud and streamed to robots via 5G.,>$800M,https://www.cloudminds.com,CloudMinds / Dataa Robotics,Active / identity changed,Operating identity appears to be Dataa Robotics / 达闼 after status and branding changes,Cloud robotics / service robots,>$800M,Historical CloudMinds funding reported around $610M; operating identity/website should be updated to Dataa Robotics.,153,610,800,historical_reported_total_funding_range,Historical CloudMinds financing; current Dataa Robotics operations,2019-2026,Status changed after sanctions/rebranding reports,Medium,https://www.cloudminds.com,https://www.dataarobotics.com/en,https://www.dataarobotics.com/en ; https://pitchbook.com/profiles/company/167732-47 ; https://www.robotics247.com/article/cloudminds_raises_more_than_153_million_series_b_plus_funding,Keep as active/status-changed. Original cloudminds.com should not be the primary website.,Yes,2026-06-04
UBTECH Robotics,China,AI / Kinematics,Hardware/Software: Mass commercialization of humanoid and service robots utilizing visual-spatial intelligence and dynamic balancing algorithms.,>$1B (Public),https://www.ubtrobot.com,UBTECH Robotics,Active public company,Public company,Core physical AI / humanoids and service robots,>$1B (Public),2023 Hong Kong IPO raised about HK$1B (~$130M); 2025 planned share placement about HK$3.11B (~$400M).,130,530,530,ipo_and_follow_on_public_financing,2025 share placement plan; 2023 HK IPO,2023-2025,HK-listed robotics company,Medium-high,https://www.ubtrobot.com,https://www.ubtrobot.com,https://www.scmp.com/tech/big-tech/article/3246260/chinese-humanoid-robot-maker-ubtech-raises-hk1-billion-hong-kong-ipo ; https://finance.yahoo.com/news/chinese-humanoid-robot-maker-ubtech-093000199.html ; https://www.reuters.com/business/autos-transportation/chinas-ubtech-expands-ev-factory-robotics-with-airbus-deal-2026-01-09/,"Active public company; numeric amount is public financing, not total historical capital.",Yes,2026-06-04
Fourier Intelligence,China,Biomechanics / AI,"Hardware/Software: Transitioned from AI medical rehabilitation exoskeletons into general humanoids (GR-1), applying complex physical force-feedback AI.",>$100M,https://www.fftai.com,Fourier Intelligence,Active,Independent private company,Rehab robotics plus humanoids,>$100M,"2025 Series E reported nearly 800M yuan, about $109M.",100,109,120,latest_round_or_total_range,2025 Series E nearly 800M yuan,2025,Not disclosed,Medium-high,https://www.fftai.com,https://www.fftai.com,https://www.cnmra.com/en/fourier-intelligence-raises-nearly-800-million-yuan-in-series-e-financing/ ; https://humanoidfunding.com/startup/fourier-intelligence/,Active.,Yes,2026-06-04
MegaRobo,China,Chem / Bio / Robotics,Autonomous Labs: Built MegaLab. Fuses physical robotic automation with AI to run millions of closed-loop experiments in life sciences.,>$300M,https://www.megarobo.tech,MegaRobo,Active,Independent private company,Autonomous labs / life-science robotics,>$300M,2022 Series C about $300M; third-party total funding estimate around $580M.,300,580,580,reported_total_funding,2022 $300M Series C,2022,Not disclosed,Medium,https://www.megarobo.tech,https://en.megarobo.com,https://equalocean.com/news/2022062218422 ; https://pitchbook.com/profiles/company/234398-71 ; https://en.megarobo.com/,Active. Website corrected from megarobo.tech to en.megarobo.com.,Use caution,2026-06-04
DP Technology,China,Comp. Chemistry / Physics,"AI Physics Engine: Uses AI algorithms to simulate quantum mechanics and molecular physics, massively speeding up discovery of batteries and drugs.",>$140M,https://dp.tech,DP Technology,Active,Independent private company,AI physics engine / molecular simulation; adjacent physical AI,>$140M,"2025 Series C about 800M yuan (~$114M), plus earlier $100M financing reported in 2023.",114,214,214,latest_round_plus_prior_known_rounds_estimate,2025 800M yuan Series C,2025,Not disclosed,Medium-high,https://dp.tech,https://dp.tech,https://siliconangle.com/2025/12/08/dp-technology-secures-114m-advance-scientific-ai-models/ ; https://www.scmp.com/tech/big-tech/article/3327638/chinese-ai-drug-discovery-start-dp-technology-raises-us114-million-deepen-research ; https://www.thesaasnews.com/news/dp-technology-raises-100-million-in-funding,Active.,Yes,2026-06-04
XtalPi,China,Quantum Physics / AI,"AI & Robotics: Uses quantum physics-based AI to design drugs, then physically synthesizes them using a massive fleet of automated wet-labs.",>$700M (Public),https://www.xtalpi.com,XtalPi,Active public company,Public company,AI-for-science plus lab automation; adjacent-to-core physical AI,>$700M (Public),2024 HKEX IPO net proceeds about HK$896M (~$115M). Original private funding estimate >$700M was not fully reverified here.,115,115,815,ipo_proceeds_with_unverified_historical_private_funding_range,2024 HKEX IPO,2024,HK-listed company,High for IPO proceeds; Low for cumulative high estimate,https://www.xtalpi.com,https://www.xtalpi.com,https://www.xtalpi.com/en/news/xtalpi-officially-lists-on-hkex-as-the-first-ai-drug-r-d-company-in-hong-kong ; https://endpts.com/chinas-xtalpi-raises-115m-in-hong-kong-ipo/,"Active public company. Numeric base is IPO proceeds, not total lifetime funding.",Yes,2026-06-04
BioMap,China,Synthetic Biology / AI,"Software: Built xTrimo, a massive cross-modal AI foundation model that understands the physical interactions of proteins and cells.",>$100M,https://www.biomap.com,BioMap,Active,Private company,AI-for-biology foundation models; adjacent physical AI,>$100M,Kept at original >$100M estimate; latest reliable funding total was not reverified in this pass.,100,100,150,original_estimate_not_reverified,Not reverified,,Not reverified,Low,https://www.biomap.com,https://www.biomap.com,https://www.biomap.com,"Active website observed previously, but funding amount needs manual source audit.",Yes,2026-06-04
Mech-Mind Robotics,China,3D Vision / Spatial Physics,Software/Hardware: Uses 3D AI vision to give standard industrial arms hand-eye coordination. Calculates physics of chaotic piles for dynamic picking.,>$150M,https://www.mech-mind.com,Mech-Mind Robotics,Active,Independent private company,Core physical AI / 3D vision for robots,>$150M,Funding reported >$200M; third-party estimate about $314M total. 2021 Series C1 was about $155M.,200,314,314,reported_total_funding,Series C/C+ financings,2021-2025,Not disclosed,Medium,https://www.mech-mind.com,https://www.mech-mind.com,https://www.emo-hannover.de/en/search/?category=exhibitor&id=mech-mind-robotics-technologies-28336795 ; https://www.robotics247.com/article/mech_mind_robotics_raises_155m_siemens_run_sun_partners_100_3d_smart_cameras ; https://pitchbook.com/profiles/company/264650-50,Active.,Use caution,2026-06-04
Geek+,China,Kinematics / Swarm AI,"Robotics: Uses AI to orchestrate physical swarms of hundreds of autonomous robots in vast environments, optimizing spatial physics.",>$500M,https://www.geekplus.com,Geek+,Active public company,Public company / HKEX listed,Core physical AI / warehouse robotics,>$500M,Third-party total funding around $532M; company listed on HKEX in 2025.,500,532,532,reported_total_funding_plus_public_listing,2025 HKEX listing; earlier Series E1 $100M,2025,HKEX-listed robotics company,Medium-high,https://www.geekplus.com,https://www.geekplus.com,https://www.geekplus.com/company/newsroom/geekplus-technology-officially-lists-on-hkex ; https://tracxn.com/d/companies/geekplus/__aWWd8f8Qq9AvMq945PHc4jTEhPDE3wtJIBqIZJ_Q0S0/funding-and-investors ; https://news.crunchbase.com/venture/geek-funding-round-robotics-china/,Active public company.,Yes,2026-06-04
Hai Robotics,China,Robotics / Mechatronics,"Robotics: Pioneers of ACR systems. AI manages complex 3D physical navigation, gravity mapping, and autonomous high-shelf manipulation.",>$200M,https://www.hairobotics.com,Hai Robotics,Active,Independent private company,Core physical AI / warehouse robotics,>$200M,Chinese-source funding history suggests cumulative funding about 4.133B yuan (~$575M); other third-party data show about $215M-$647M depending coverage.,215,575,647,reported_total_funding_range,Series E / multiple rounds,2022-2025,Valuation around 10.9B yuan reported after Series E,Medium,https://www.hairobotics.com,https://www.hairobotics.com,https://www.36kr.com/p/2944517243376390 ; https://tracxn.com/d/companies/hai-robotics/__YsF8v7IV2Vpsx1bIr8Ha3C1SzkOEyObqdqaVtup-ICQ/funding-and-investors ; https://www.freightwaves.com/news/hai-robotics-hauls-in-100m-in-financing-round,Active; funding estimates vary substantially.,Use caution,2026-06-04
Momenta,China,Spatial AI / Physics,"Software: Brain for autonomous driving. Uses deep learning to process mass, velocity, friction, and spatial dynamics to prevent crashes.",>$1.2B,https://www.momenta.ai,Momenta,Active,Independent private company,Core physical AI / autonomous driving software,>$1.2B,Kept at about $1.2B total funding; company reportedly seeking funding at >$5B valuation and enterprise-value estimates around $6B.,1200,1200,1200,reported_total_funding,Earlier $500M Series C; recent valuation/fundraising reports,2021-2025,>$5B to ~$6B reported enterprise value/valuation signals,Medium,https://www.momenta.ai,https://www.momenta.ai,https://www.momenta.ai/en/news/momenta-completes-series-c-financing ; https://app.dealroom.co/companies/momenta_ai ; https://cnevpost.com/2025/09/10/momenta-seeking-new-funding-at-over-5b-valuation-bloomberg/,Active.,Use caution,2026-06-04
Pony.ai,China/USA,Spatial AI,"Software/Hardware: Applies physical intelligence to L4 autonomous robotaxis and heavy freight trucks, requiring extreme AI physics calculations.",>$1B,https://www.pony.ai,Pony.ai,Active public company,Public company,Core physical AI / autonomous vehicles,>$1B,Reported total funding about $1.19B-$1.3B; listed in 2024 and remains operational.,1190,1190,1300,reported_total_funding_plus_public_listing,2024 public listing/post-IPO financing,2024,Nasdaq-listed autonomous-driving company,Medium-high,https://www.pony.ai,https://www.pony.ai,https://tracxn.com/d/companies/pony.ai/__fY9dcxUw9gW-Rj3bfdu_JbdQwwz4P5VdxPRYrtq5NaM/funding-and-investors ; https://forgeglobal.com/pony-ai_stock/ ; https://www.pony.ai/,Active public company.,Yes,2026-06-04
Horizon Robotics,China,Silicon / Spatial AI,Hardware: Designs specialized AI processors (BPU) required to run physical intelligence algorithms natively inside moving vehicles and robots.,>$3B (Public),https://www.horizon.ai,Horizon Robotics,Active public company,Public company,AI chips for physical intelligence in vehicles/robots,>$3B (Public),2024 Hong Kong IPO raised about $696M. Original $3B public-company signal likely reflected broader market/valuation context rather than funding.,696,696,3000,ipo_proceeds_with_public_market_context,2024 HK IPO,2024,HK-listed autonomous-driving chip company,High for IPO proceeds; Low for high range,https://www.horizon.ai,https://www.horizon.auto,https://www.reuters.com/markets/deals/horizon-robotics-shares-surge-hong-kong-debut-after-696-mln-ipo-2024-10-24/ ; https://en.horizon.cc/investor-relations,Active public company. Website corrected from horizon.ai to horizon.auto / horizon.cc investor site.,Yes,2026-06-04
Sanctuary AI,Canada,Embodied AI,Hardware/Software: Building Phoenix humanoid robot powered by Carbon AI control system. Focuses on high-fidelity AI physical hand manipulation.,>$140M,https://sanctuary.ai,Sanctuary AI,Active,Independent private company,Core physical AI / humanoids,>$140M,Reported total funding about $100M; older official Series A was C$75.5M / US$58.5M.,58.5,100,100,reported_total_funding,Series A and later reported rounds,2022-2025,Not disclosed,Medium,https://sanctuary.ai,https://sanctuary.ai,https://sanctuary.ai/news/sanctuary-ai-raises-c75-5-million-series-a ; https://tracxn.com/d/companies/sanctuary-ai/__aWWd8f8Qq9AvMq945PHc4jTEhPDE3wtJIBqIZJ_Q0S0/funding-and-investors,Active.,Use caution,2026-06-04
Waabi,Canada,Spatial AI / Physics,"Software: Built Waabi World, an ultra-high-fidelity, AI-driven physics simulator to train autonomous trucks without risking real-world crashes.",>$200M,https://waabi.ai,Waabi,Active,Independent private company,Core physical AI / autonomous driving and simulation,>$200M,2026 new funding of $1B; reports describe $750M Series C and total funding around $1.28B.,1000,1280,1280,reported_total_funding,2026 $1B funding / $750M Series C and Uber partnership,2026,Valuation around $3B reported by media,High,https://waabi.ai,https://waabi.ai,https://waabi.ai/insights/waabi-secures-1-billion-in-new-funding-to-lead-physical-ai-revolution ; https://www.trendingtopics.eu/waabi-raises-1-billion-25000-robotaxis-planned-for-uber/,Active.,Use caution,2026-06-04
Deep Genomics,Canada,RNA Bio / AI,AI for Science: Uses physical intelligence models to understand how RNA physics and transcriptomics work to find biological targets.,>$180M,https://www.deepgenomics.com,Deep Genomics,Active,Independent private company,AI-for-RNA biology; adjacent physical AI,>$180M,Reported total funding about $238M-$241M; official 2021 Series C was $180M.,180,238,241,reported_total_funding,2021 $180M Series C; later total estimates,2021,Not disclosed,Medium-high,https://www.deepgenomics.com,https://www.deepgenomics.com,https://www.deepgenomics.com/wp-content/uploads/2021/07/Deep-Genomics-Series-C-Press-Release.pdf ; https://tracxn.com/d/companies/deep-genomics/__QFlVYJKGHoiFhjDKLVpiQNLczE8tQmr__p6QV1ISkYE/funding-and-investors ; https://pitchbook.com/profiles/company/104826-52,"Active; physical-AI fit is AI-for-science, not embodied robotics.",Use caution,2026-06-04
Skydio,USA,Spatial AI / Aerospace,"Hardware/Software: Uses visual-spatial AI and deep learning to give drones physical autonomy in complex, GPS-denied environments.",>$500M,https://www.skydio.com,Skydio,Active,Independent private company,Core physical AI / autonomous drones,>$500M,2026 Series F $110M at $4.4B valuation; third-party cumulative funding estimate about $951M.,672,951,951,reported_total_funding,2026 $110M Series F,2026,$4.4B valuation,Medium-high,https://www.skydio.com,https://www.skydio.com,https://www.skydio.com/blog/skydio-closes-110m-series-f-funding-round-to-accelerate-its-platform-for-scaling-drone-operations ; https://www.skydio.com/blog/skydio-raises-230m-series-e-funding-round ; https://tectonic.co/companies/skydio,Active.,Use caution,2026-06-04
Nuro,USA,Robotics / Spatial AI,"Hardware/Software: Built zero-occupant robotic vehicles. Uses physical intelligence to navigate streets, calculating friction and pedestrian dynamics.",>$2B,https://www.nuro.ai,Nuro,Active,Independent private company,Core physical AI / autonomous delivery and vehicle autonomy,>$2B,2025 $203M funding round at $6B valuation; third-party total funding around $2.34B. 2026 media report also describes a large Uber commitment/investment context.,203,2340,2840,reported_total_funding_plus_recent_commitment_context,2025 $203M round; 2026 Uber commitment context,2025-2026,$6B valuation,Medium-high,https://www.nuro.ai,https://www.nuro.ai,https://www.reuters.com/business/autos-transportation/uber-boosts-nuro-stake-with-500-million-investment-source-says-2026-05-23/ ; https://www.reuters.com/business/autos-transportation/autonomous-driving-startup-nuro-raises-203-million-6-billion-valuation-2025-04-09/ ; https://tracxn.com/d/companies/nuro/__rVxmxoegwhaAps2MTJm2ieeVBR4VkO2xnSQ-GEBlOKk/funding-and-investors,Active.,Yes,2026-06-04
Locus Robotics,USA,Mechatronics / Swarm AI,"Hardware/Software: AI that directs swarms of physical robots in highly chaotic warehouse environments, calculating spatial physics in real-time.",>$400M,https://locusrobotics.com,Locus Robotics,Active,Independent private company,Core physical AI / warehouse robotics,>$400M,Reported total funding about $416M-$438M; latest major Series F around $117M in 2022.,416,438,438,reported_total_funding,2022 Series F about $117M,2022,Valuation close to $2B reported by secondary source,Medium-high,https://locusrobotics.com,https://locusrobotics.com,https://www.clay.com/dossier/locus-robotics-funding ; https://tracxn.com/d/companies/locus-robotics/__hpsCbsI-a5WLTalJbFLGMes5XJws3yOH0xbWfyihJXU/funding-and-investors,Active.,Use caution,2026-06-04
Wayve,UK,Embodied AI / Auto,Software: End-to-End Embodied AI. AI learns physical driving dynamics purely through observation and deep learning rather than hard-coded rules.,>$1.2B,https://wayve.ai,Wayve,Active,Independent private company,Core physical AI / embodied AI for autonomous driving,>$1.2B,"2026 Series D: $1.2B, with milestone-based package up to $1.5B; Reuters reported total funding about $2.8B and valuation $8.6B.",1500,2800,2800,reported_total_funding,2026 $1.2B Series D / $1.5B package,2026,$8.6B post-money valuation,High,https://wayve.ai,https://wayve.ai,https://wayve.ai/press/series-d/ ; https://www.reuters.com/business/autos-transportation/uk-self-driving-startup-wayve-valued-86-billion-fundraising-2026-02-25/,Active.,Use caution,2026-06-04
Exotec,France,Spatial Robotics / AI,"Hardware/Software: Skypod robots use AI physical intelligence to literally climb vertical shelves, turning 2D floor physics into 3D volume usage.",>$400M,https://www.exotec.com,Exotec,Active,Independent private company,Core physical AI / warehouse robotics,>$400M,2022 $335M Series D at $2B valuation; third-party total funding estimates about $446M-$477M.,335,477,477,reported_total_funding,2022 $335M Series D,2022,$2B valuation,Medium-high,https://www.exotec.com,https://www.exotec.com,https://www.exotec.com/news/exotec-raises-335m-series-d-at-2b-valuation/ ; https://startupintros.com/exotec/ ; https://tracxn.com/d/companies/exotec/__E4PzOqE1D7izIFacFvCEpiT4xoCcU0PPTx-x8GLQiO0/funding-and-investors,Active.,Use caution,2026-06-04
Agile Robots,Germany,Mechatronics / Kinematics,"Hardware/Software: Combines AI with advanced force-torque sensors, allowing robotic arms to safely feel and assemble objects with extreme precision.",>$200M,https://www.agile-robots.com,Agile Robots,Active,Independent private company,Core physical AI / robot arms and force control,>$200M,2021 $220M Series C led by SoftBank; total funding estimates around $250M.,220,250,250,reported_total_funding,2021 $220M Series C,2021,>$1B valuation reported,Medium-high,https://www.agile-robots.com,https://www.agile-robots.com,https://www.agile-robots.com/news-and-events/news/series-c ; https://tracxn.com/d/companies/agile-robots/__tOb-zFYz6Ivlgv5UklO0cMr7XuNeNAkpaoWLEemxKjI/funding-and-investors,Active.,Use caution,2026-06-04
InstaDeep,UK/France,AI / Quantum Chem,"AI for Science: Uses reinforcement learning to solve complex physical problems, from routing trains to discovering new proteins (Acq. by BioNTech).",>Acq. $600M,https://www.instadeep.com,InstaDeep,Active subsidiary / acquired,Acquired by BioNTech; operates as subsidiary/brand,AI-for-science / optimization; adjacent physical AI,>Acq. $600M,"BioNTech acquisition consideration was reported as about £362M upfront plus up to £200M in milestones, roughly $680M equivalent depending FX.",500,680,680,acquisition_consideration,2023 BioNTech acquisition,2023,Acquired by BioNTech,High,https://www.instadeep.com,https://www.instadeep.com,https://instadeep.com/2023/07/biontech-completes-acquisition-of-instadeep/ ; https://www.ft.com/content/6b7cfcfd-8606-4c7c-8ee8-f719f1d8a46a ; https://techcrunch.com/2023/01/10/biontech-insta-deep/,"Keep active, but not independent.",Yes,2026-06-04
Tractable,UK,Spatial Vision / AI,Software: Uses AI computer vision to assess physical damage to vehicles/property by understanding the physical deformation of materials from photos.,>$100M,https://tractable.ai,Tractable,Active,Independent private company,AI vision for physical damage; adjacent physical AI,>$100M,Reported total funding about $184.9M; 2023 Series E was about $65M and company had unicorn valuation signal.,165,184.9,185,reported_total_funding,2023 $65M Series E,2023,$1B valuation previously reported,Medium-high,https://tractable.ai,https://tractable.ai,https://www.clay.com/dossier/tractable-funding ; https://o.parsers.vc/startup/tractable.ai/ ; https://tractable.ai,Active; adjacent physical AI rather than robotics.,Use caution,2026-06-04
GreyOrange,India/USA,Swarm Robotics / AI,"Hardware/Software: AI GreyMatter serves as a brain for fleets of physical robots, dynamically calculating the most efficient physical routing in real-time.",>$280M,https://www.greyorange.com,GreyOrange,Active,Independent private company,Core physical AI / warehouse robotics and orchestration,>$280M,Reported total funding about $539.5M; latest growth financing around $110M-$140M in 2023.,400,539.5,540,reported_total_funding,2023 $110M-$140M growth/Series D financing,2023,Not disclosed,Medium,https://www.greyorange.com,https://www.greyorange.com,https://startupintros.com/greyorange/ ; https://www.greyorange.com/newsroom/greyorange-raises-110-million-growth-financing/ ; https://entrackr.com/2023/12/greyorange-raises-135-mn-in-series-d-round/,Active.,Use caution,2026-06-04
IdeaForge,India,Aerospace / Spatial AI,"Hardware/Software: Integrates spatial AI for autonomous navigation, physical target tracking, and mapping in rugged, high-altitude terrain.",>$100M (Public),https://www.ideaforge.co.in,ideaForge,Active public company,Public company,Core physical AI / drones,>$100M (Public),2023 IPO issue size about Rs 567 crore (~$69M); pre-IPO VC funding reported around $35M. Numeric high includes both for rough context.,35,69,104,ipo_proceeds_plus_prior_vc_context,2023 IPO,2023,NSE/BSE-listed drone company,Medium-high,https://www.ideaforge.co.in,https://www.ideaforge.co.in,https://www.chittorgarh.com/ipo/ideaforge-technology-ipo/1452/ ; https://www.qualcommventures.com/news/the-future-of-ideaforge/ ; https://entrackr.com/2023/06/ideaforge-raises-rs-255-cr-from-anchor-investors-ahead-of-ipo/,Active public company.,Yes,2026-06-04
Ather Energy,India,EV Physics / AI,Hardware/Software: Uses physical intelligence algorithms to optimize battery electrochemistry and vehicle physics in extreme heat environments.,>$300M,https://www.atherenergy.com,Ather Energy,Active public company,Public company,EV / battery management / vehicle intelligence; adjacent physical AI,>$300M,"Pre-IPO funding reported around $502M; 2025 IPO raised about $350M-$352M at up to $1.4B valuation, giving rough capital-raised context around $854M.",502,854,854,reported_total_funding_plus_ipo_proceeds,2025 IPO about $350M,2025,IPO valuation up to about $1.4B,Medium-high,https://www.atherenergy.com,https://www.atherenergy.com,https://www.reuters.com/markets/deals/indias-ather-energy-targets-14-bln-valuation-ipo-2025-04-21/ ; https://forgeglobal.com/ather-energy_stock/ ; https://tracxn.com/d/companies/ather-energy/__LkmVjs8MifbvpWChICN0Zg2APs4JTP2T9aKnBQq3_Ao/funding-and-investors,Active public company; adjacent physical AI rather than embodied robotics.,Yes,2026-06-04
Ola Krutrim,India,Silicon / Foundation AI,Software/Hardware: Pivoting into AI silicon architectures and edge-AI to power the physical intelligence of manufacturing plants.,>$140M,https://olakrutrim.com,Ola Krutrim,Active / caution,Private company inside Ola ecosystem,AI infrastructure / silicon; adjacent physical AI,>$140M,2024 Series A reported $50M at $1B valuation; later reports mention about $24M debt and operational/funding headwinds.,50,74,140,latest_round_plus_debt_context_range,2024 $50M Series A; debt financing reported separately,2024-2026,$1B valuation in 2024; caution due to later headwind reports,Medium,https://olakrutrim.com,https://olakrutrim.com,https://www.reuters.com/technology/indias-ola-krutrim-raises-50-mln-becomes-countrys-first-ai-unicorn-2024-01-26/ ; https://www.clay.com/dossier/krutrim-funding ; https://economictimes.indiatimes.com/tech/artificial-intelligence/ola-kruttrim-ai-full-stack-plans-quietly-shrink-amid-funding-crunch-leadership-exits/articleshow/124157281.cms,"Keep active, but flag as caution and adjacent physical AI.",Yes,2026-06-04
NotCo,Chile,Food Chemistry / AI,AI for Science: AI analyzes molecular structures of animal proteins and uses chemical intelligence to find exact physical matches in plants.,>$400M,https://notco.com,NotCo,Active,Independent private company,AI-for-food chemistry; adjacent physical AI,>$400M,2021 Series D $235M brought total to $360M; 2022 Series D1 $70M brings rough total context to about $430M.,360,430,430,reported_total_funding,2022 $70M Series D1,2022,$1.5B valuation reported in 2021/2022 context,Medium-high,https://notco.com,https://notco.ai,https://xtalks.com/notco-raises-235m-in-series-d-to-expand-ai-based-plant-based-products-2772/ ; https://www.foodbusinessnews.net/articles/22617-notco-raises-70-million-in-series-d1-round ; https://www.reuters.com/business/retail-consumer/magnum-launches-dairy-free-ice-cream-made-with-chiles-notcos-ai-platform-2025-05-21/,Active; website corrected to notco.ai for AI platform. Adjacent physical AI.,Use caution,2026-06-04
Bioceres Crop Solutions,Argentina,Gen-Bio / Agriculture,"AI for Science: Uses bioinformatics to engineer crops that physically resist extreme droughts, altering the biological response to physical heat.",>$100M (Public),https://biocerescrops.com,Bioceres Crop Solutions,Active public company,Public company,Agricultural biotech / bioinformatics; adjacent physical AI,>$100M (Public),Public via SPAC/reverse IPO route with about $110M available capital; later raised >$50M in a quarter. Use rough capital-raised context around $160M.,110,160,160,public_spac_and_follow_on_capital_context,SPAC/reverse IPO capital plus later capital raising,2019-2020,Nasdaq-listed crop biotech company,Medium,https://biocerescrops.com,https://biocerescrops.com,https://agfundernews.com/bioceres-makes-public-market-debut-via-spac-reverse-ipo ; https://investors.biocerescrops.com/news/news-details/2020/Bioceres-Crop-Solutions-Reports-Fiscal-First-Quarter-2021-Financial-and-Operational-Results/default.aspx,Active public company; adjacent physical AI.,Yes,2026-06-04
Solinftec,Brazil,AI / Ag-Robotics,"Hardware/Software: Autonomous robotic platform navigates agricultural fields, using computer vision and sensors to spray precise chemical adjustments.",>$140M,https://www.solinftec.com,Solinftec,Active,Independent private company,Core physical AI / ag robotics,>$140M,Company-reported capital raised of $288.8M; includes 2024 $57M Series D and 2025 $36M bond financing.,288.8,288.8,288.8,company_reported_capital_raised,2025 $36M bond; 2024 $57M Series D,2024-2025,Not disclosed,High,https://www.solinftec.com,https://www.solinftec.com,https://www.solinftec.com/en-us/press-release-solinftec-closes-us-36-million-bond-issue ; https://www.solinftec.com/en-us/press-release-solinftec-concludes-its-series-d-round-of-us-57-million,Active.,Use caution,2026-06-04
Moolec Science,Argentina/UK,Molecular Farming / Bio,AI for Science: Uses computational biology to engineer the DNA of plants to physically grow animal proteins inside the plant cell structure.,>$100M (Public),https://moolecscience.com,Moolec Science,Active public company / merger-changing,Public company; merger/restructuring context reported,Molecular farming / computational biology; adjacent physical AI,>$100M (Public),"SPAC transaction had pro-forma equity value around $504M; later capital facilities/notes included up to $50M committed equity financing and $30M convertible notes. Numeric base uses capital facilities, high includes valuation context.",80,80,504,public_spac_valuation_plus_capital_facility_context,2023 SPAC/public listing; 2023/2024 capital facilities; 2025 merger context,2023-2025,$504M pro-forma equity value at SPAC transaction,Medium,https://moolecscience.com,https://moolecscience.com,https://www.nasdaq.com/press-release/moolec-science-and-lightjump-acquisition-corporation-announce-closing-business ; https://www.moolecscience.com/news/moolec-science-secures-up-to-50-million-committed-equity-financing-facility-with-nomura ; https://agfundernews.com/moolec-gets-30m-in-convertible-notes-from-biotech-giant-bioceres ; https://www.greenqueen.com.hk/moolec-science-biotech-merger-bioceres-group/,Active but status-changing due to merger/restructuring context; adjacent physical AI.,Yes,2026-06-04
